road_id,state,latitude,longitude,landslide_probability,risk_level
NER_R11082,Mizoram,25.841786,88.729818,0.9853728242743177,Critical
NER_R10697,Sikkim,26.330587,89.603127,0.9800878634605217,Critical
NER_R09455,Tripura,22.851845,89.693306,0.9762269489054826,Critical
NER_R03110,Arunachal Pradesh,25.781915,96.609207,0.9750012179950707,Critical
NER_R11283,Nagaland,28.404384,88.272908,0.9664803175006427,Critical
NER_R07348,Assam,23.201706,97.275531,0.9663225744754231,Critical
NER_R03042,Meghalaya,26.127767,88.69875,0.9650741019677685,Critical
NER_R04461,Nagaland,26.140936,88.999972,0.964855856984804,Critical
NER_R09606,Arunachal Pradesh,22.248105,93.781438,0.9647350436495163,Critical
NER_R11800,Meghalaya,27.407707,89.135115,0.9636018780969158,Critical
NER_R09867,Arunachal Pradesh,24.117416,95.64687,0.9623493534451446,Critical
NER_R07742,Nagaland,28.67969,96.358399,0.9569847197941039,Critical
NER_R06800,Mizoram,28.4105,88.316465,0.955711561959264,Critical
NER_R05307,Meghalaya,29.404436,97.39775,0.9540432361403721,Critical
NER_R04633,Nagaland,29.38397,97.431003,0.9540432361403721,Critical
NER_R03358,Manipur,24.752492,93.730281,0.9503663498981293,Critical
NER_R10282,Meghalaya,23.23692,91.915953,0.9497374465848862,Critical
NER_R03286,Meghalaya,28.796544,96.2817,0.9496833552894104,Critical
NER_R04585,Tripura,26.005881,89.09632,0.9468448321936664,Critical
NER_R08320,Mizoram,28.258786,92.898069,0.9463792523009762,Critical
NER_R05284,Meghalaya,23.425002,97.067266,0.9462287847151172,Critical
NER_R11207,Manipur,23.840565,94.365906,0.9456596319616022,Critical
NER_R09400,Manipur,24.733311,93.672756,0.9456355414409265,Critical
NER_R06027,Manipur,29.131722,97.149737,0.945574671521514,Critical
NER_R04240,Assam,22.909129,92.755341,0.9448745562393466,Critical
NER_R04245,Tripura,27.78214,97.485715,0.940207528247643,Critical
NER_R10688,Arunachal Pradesh,27.82382,97.46637,0.940207528247643,Critical
NER_R01528,Assam,23.831736,93.505882,0.940116247562377,Critical
NER_R04429,Sikkim,25.497338,95.003431,0.9379191830847238,Critical
NER_R04578,Manipur,27.089886,90.285101,0.9356755731896238,Critical
NER_R00197,Arunachal Pradesh,27.649834,92.954514,0.9339552293022191,Critical
NER_R06070,Tripura,25.523004,90.100635,0.9324684690683187,Critical
NER_R10125,Sikkim,26.296629,97.088512,0.9314934931082492,Critical
NER_R08877,Manipur,26.64539,96.690494,0.9298906938756799,Critical
NER_R07279,Tripura,23.558341,93.512807,0.9296595476956939,Critical
NER_R05103,Manipur,27.515118,91.654594,0.9266666165480674,Critical
NER_R01576,Sikkim,23.04431,92.189297,0.9261050338600867,Critical
NER_R06967,Meghalaya,23.32523,94.998815,0.925243942343742,Critical
NER_R07912,Arunachal Pradesh,22.750067,88.427987,0.9244323076977956,Critical
NER_R09480,Assam,27.98519,97.041135,0.9202354596791256,Critical
NER_R11629,Mizoram,23.74539,92.804568,0.9186176535363868,Critical
NER_R04094,Sikkim,23.654736,92.770454,0.9186176535363868,Critical
NER_R00315,Manipur,28.976843,88.339487,0.9181184357410784,Critical
NER_R01683,Mizoram,26.431671,95.403706,0.9179671754675023,Critical
NER_R01102,Arunachal Pradesh,22.788879,95.622363,0.9170973517265981,Critical
NER_R11638,Tripura,22.733208,95.5712,0.9170973517265981,Critical
NER_R10921,Manipur,25.084555,89.368766,0.9161694040290258,Critical
NER_R03550,Tripura,26.901299,95.263222,0.9157765705739906,Critical
NER_R04870,Nagaland,22.520548,94.065802,0.9139769281940319,Critical
NER_R10693,Assam,22.50654,94.06648,0.9139769281940319,Critical
NER_R05504,Manipur,27.708754,90.561481,0.9138165581137687,Critical
NER_R09806,Tripura,24.016537,89.20017,0.9137207487598955,Critical
NER_R03307,Arunachal Pradesh,22.462014,96.762715,0.9135980071472469,Critical
NER_R11233,Manipur,26.199442,88.480978,0.9134952598278685,Critical
NER_R04040,Manipur,26.180979,88.441386,0.9134952598278685,Critical
NER_R06469,Nagaland,26.644748,94.986509,0.9123810259524576,Critical
NER_R01063,Sikkim,28.686157,92.111656,0.9107688334876634,Critical
NER_R03255,Tripura,23.480497,91.243976,0.910359365903597,Critical
NER_R01436,Arunachal Pradesh,27.698478,90.043515,0.9098032507078929,Critical
NER_R10507,Nagaland,23.121591,91.39798,0.909121663096297,Critical
NER_R02964,Nagaland,25.559795,92.093691,0.9090584700221573,Critical
NER_R11731,Manipur,29.455406,97.253541,0.9090394960054636,Critical
NER_R09118,Meghalaya,28.773394,89.925741,0.9088512523940144,Critical
NER_R09708,Manipur,27.089919,90.724305,0.9085264532544708,Critical
NER_R04255,Meghalaya,22.358762,91.000844,0.907410654384224,Critical
NER_R02353,Manipur,23.665577,95.136168,0.903171746575232,Critical
NER_R02574,Assam,26.269572,91.570737,0.9027321023555361,Critical
NER_R01317,Arunachal Pradesh,21.545066,94.081207,0.9023163093268975,Critical
NER_R02015,Nagaland,24.235886,94.749687,0.9005003677370078,Critical
NER_R01110,Manipur,26.498399,95.931746,0.8981942510242206,Critical
NER_R05574,Assam,25.125071,92.994574,0.897132104387725,Critical
NER_R02151,Assam,22.12315,89.844245,0.8966033310698762,Critical
NER_R09758,Nagaland,21.743995,94.300956,0.8962066398792834,Critical
NER_R08078,Manipur,21.743223,94.271787,0.8962066398792834,Critical
NER_R11654,Nagaland,21.874335,94.356506,0.8962066398792834,Critical
NER_R02051,Arunachal Pradesh,21.848373,94.466046,0.8962066398792834,Critical
NER_R07285,Sikkim,21.548006,94.377336,0.8962066398792834,Critical
NER_R03821,Sikkim,21.521368,94.147739,0.8962066398792834,Critical
NER_R00727,Manipur,21.744993,94.289572,0.8962066398792834,Critical
NER_R06074,Assam,21.999219,93.722602,0.895156277160542,Critical
NER_R01367,Manipur,29.164908,97.338397,0.8947687700794029,Critical
NER_R04864,Assam,23.924374,91.343003,0.8939286328369238,Critical
NER_R04146,Tripura,24.293243,88.000927,0.8934255994401149,Critical
NER_R02642,Meghalaya,24.307627,88.07951,0.8934255994401149,Critical
NER_R00380,Assam,26.690607,89.209306,0.8923814956582719,Critical
NER_R09720,Arunachal Pradesh,22.428855,95.568702,0.8919708060670978,Critical
NER_R03781,Tripura,24.33763,97.329805,0.8909160115636505,Critical
NER_R04962,Assam,29.194665,92.416752,0.8907424726773745,Critical
NER_R10325,Mizoram,29.40377,93.847816,0.8905006591833442,Critical
NER_R09767,Arunachal Pradesh,24.385832,96.053665,0.8903715451801224,Critical
NER_R08424,Sikkim,26.429165,89.178766,0.8891745483701599,Critical
NER_R00095,Nagaland,25.876313,96.781547,0.8887067653787124,Critical
NER_R08123,Meghalaya,25.958972,88.652918,0.8864314016895012,Critical
NER_R08037,Meghalaya,23.05283,96.475089,0.8850927895058884,Critical
NER_R08566,Nagaland,27.967924,93.504069,0.8811966739064052,Critical
NER_R11309,Manipur,28.330104,94.20796,0.8801814955391261,Critical
NER_R05135,Sikkim,29.267893,89.60206,0.8768097927815444,Critical
NER_R08662,Manipur,22.727147,95.546141,0.8766809803206586,Critical
NER_R08790,Tripura,23.970735,89.46291,0.8760989517063966,Critical
NER_R08868,Meghalaya,22.112647,88.40375,0.8760924546908624,Critical
NER_R07149,Assam,22.729549,96.314001,0.8756171163834379,Critical
NER_R06829,Manipur,29.440305,91.949038,0.8744841028076022,Critical
NER_R00770,Assam,28.249104,92.671318,0.8737840023254646,Critical
NER_R10450,Manipur,27.332821,92.111047,0.8736743659499685,Critical
NER_R06086,Meghalaya,22.382738,93.668829,0.8728575227740658,Critical
NER_R06490,Arunachal Pradesh,29.26513,89.00028,0.872531107582107,Critical
NER_R02573,Assam,21.604202,95.297534,0.8723291251325491,Critical
NER_R09787,Manipur,21.952727,95.337329,0.8723291251325491,Critical
NER_R00924,Sikkim,21.873132,95.31474,0.8723291251325491,Critical
NER_R07020,Nagaland,27.98793,92.243349,0.8721250689708098,Critical
NER_R02527,Mizoram,29.314892,93.595531,0.8712071495185203,Critical
NER_R07886,Nagaland,26.812173,89.073909,0.8706118418264372,Critical
NER_R01115,Sikkim,24.379263,88.758613,0.8702781371658023,Critical
NER_R09638,Sikkim,23.428181,94.501497,0.8686468188834144,Critical
NER_R00299,Mizoram,22.682273,91.94206,0.8678481112316039,Critical
NER_R02262,Tripura,28.426102,89.093396,0.8677847035506141,Critical
NER_R03191,Arunachal Pradesh,23.984237,89.177791,0.8674870439199956,Critical
NER_R10691,Meghalaya,24.005736,89.215923,0.8674870439199956,Critical
NER_R04171,Meghalaya,23.961101,89.19758,0.8674870439199956,Critical
NER_R04323,Tripura,23.062297,94.755107,0.8673712299539345,Critical
NER_R11316,Manipur,21.72597,94.005904,0.8660738750972443,Critical
NER_R05933,Meghalaya,21.865406,94.117079,0.8660738750972443,Critical
NER_R07844,Nagaland,22.130517,94.026809,0.8660738750972443,Critical
NER_R03545,Mizoram,28.779528,92.981375,0.865400001444656,Critical
NER_R10562,Tripura,27.272761,92.160019,0.8638260374526279,Critical
NER_R03994,Mizoram,24.284312,96.829083,0.8612882959757108,Critical
NER_R05926,Meghalaya,24.281022,96.822407,0.8612882959757108,Critical
NER_R06333,Meghalaya,27.706046,90.348262,0.8580085640814579,Critical
NER_R05431,Manipur,28.701732,97.430488,0.857167872410051,Critical
NER_R04413,Sikkim,28.617912,89.463045,0.8562610112270481,Critical
NER_R03400,Meghalaya,27.283802,96.167786,0.8555122256119524,Critical
NER_R10622,Manipur,25.344473,90.025696,0.8551661987568302,Critical
NER_R04714,Mizoram,28.801813,91.586903,0.8551619302855555,Critical
NER_R00561,Meghalaya,27.741628,91.981184,0.8544430436848036,Critical
NER_R03544,Arunachal Pradesh,22.462918,91.508667,0.8542638643849865,Critical
NER_R00140,Assam,28.667273,92.713458,0.8535643825476678,Critical
NER_R05843,Assam,28.220905,93.744997,0.853439766598018,Critical
NER_R09086,Arunachal Pradesh,23.426035,90.639662,0.8523593152181168,Critical
NER_R03599,Tripura,29.309928,93.716511,0.8506032814518992,Critical
NER_R10298,Assam,24.562902,95.394637,0.8483549282646632,Critical
NER_R08813,Manipur,27.883222,94.192953,0.8453705904897804,Critical
NER_R08871,Arunachal Pradesh,24.617347,96.570006,0.8443748783994505,Critical
NER_R05158,Manipur,25.34694,92.914106,0.844028739414164,Critical
NER_R02327,Nagaland,22.479286,93.750683,0.8439691766052014,Critical
NER_R04846,Mizoram,23.575805,95.657873,0.8432251767813643,Critical
NER_R00045,Meghalaya,28.256451,91.188475,0.842891316356706,Critical
NER_R09399,Tripura,24.135121,94.724036,0.8425738585643607,Critical
NER_R08475,Assam,27.497794,96.770181,0.8408513359577119,Critical
NER_R01284,Assam,26.585209,93.935562,0.8408177512492454,Critical
NER_R03011,Arunachal Pradesh,26.629225,93.961699,0.8408177512492454,Critical
NER_R02761,Nagaland,24.516665,89.917553,0.8403590165400882,Critical
NER_R01734,Meghalaya,24.996193,97.039142,0.8401674871837213,Critical
NER_R04790,Assam,28.913195,88.34918,0.8397509484278036,Critical
NER_R04385,Manipur,23.205108,91.14665,0.8394325564444247,Critical
NER_R08074,Arunachal Pradesh,25.014644,88.655439,0.8393261910979075,Critical
NER_R08527,Arunachal Pradesh,28.794618,92.875178,0.8383043167463308,Critical
NER_R02819,Sikkim,25.242659,97.205157,0.8376724649397274,Critical
NER_R08024,Manipur,22.224755,89.661406,0.8376046729488417,Critical
NER_R10965,Arunachal Pradesh,24.291544,93.131378,0.8369087762318298,Critical
NER_R08014,Arunachal Pradesh,25.936971,88.550757,0.836390755280789,Critical
NER_R01402,Manipur,25.499868,88.114196,0.8354654200310663,Critical
NER_R08113,Arunachal Pradesh,24.796899,90.50897,0.8350401476539191,Critical
NER_R03841,Tripura,24.834958,90.472121,0.8350401476539191,Critical
NER_R08484,Tripura,23.456476,94.938015,0.8348384582080011,Critical
NER_R06100,Manipur,23.422491,94.939341,0.8348384582080011,Critical
NER_R06994,Manipur,23.015837,89.573902,0.834388968530463,Critical
NER_R01461,Mizoram,24.190725,88.379072,0.8330513071171002,Critical
NER_R09079,Sikkim,24.995771,90.54623,0.8329763210886733,Critical
NER_R05582,Manipur,29.449584,89.841527,0.8326459935419277,Critical
NER_R01349,Tripura,26.919477,90.66437,0.8326191177808506,Critical
NER_R05800,Sikkim,26.503139,90.683329,0.8313183130317339,Critical
NER_R04776,Nagaland,28.722918,97.4443,0.830778830427457,Critical
NER_R10421,Manipur,28.107758,95.330118,0.8297595078367999,Critical
NER_R02233,Arunachal Pradesh,28.117638,94.384238,0.828431015379697,Critical
NER_R04460,Nagaland,29.263813,88.768326,0.8279036199236787,Critical
NER_R01457,Nagaland,22.131226,89.686898,0.8253022724231854,Critical
NER_R11925,Nagaland,27.44065,88.017521,0.8233716097987679,Critical
NER_R05526,Assam,25.308353,94.900196,0.8209759039171647,Critical
NER_R00898,Meghalaya,26.122572,88.212718,0.8206620995697932,Critical
NER_R00975,Meghalaya,24.363743,94.440334,0.8171288605586473,Critical
NER_R03823,Tripura,24.328842,94.398478,0.8171288605586473,Critical
NER_R00094,Nagaland,24.322448,94.340097,0.8171288605586473,Critical
NER_R06002,Assam,25.240568,97.027029,0.814491644574802,Critical
NER_R01735,Assam,24.643138,96.016808,0.8113274129791783,Critical
NER_R11837,Tripura,23.239814,96.109366,0.8098251755991566,Critical
NER_R01658,Manipur,28.404208,88.574297,0.8086618414602543,Critical
NER_R08770,Assam,26.754296,96.679134,0.8083139581099305,Critical
NER_R03579,Tripura,26.084565,89.552267,0.807462685642513,Critical
NER_R11217,Tripura,23.947649,88.021284,0.8072094176704094,Critical
NER_R03879,Nagaland,29.199043,91.963368,0.8062972030039043,Critical
NER_R05976,Mizoram,28.062194,92.241995,0.8059863112404984,Critical
NER_R07090,Tripura,25.798534,89.777793,0.8055633465901733,Critical
NER_R05700,Arunachal Pradesh,23.137352,97.325349,0.8053489594410991,Critical
NER_R09745,Arunachal Pradesh,22.138207,95.557962,0.8052498212886241,Critical
NER_R01447,Tripura,28.925162,92.745124,0.8041731982206266,Critical
NER_R09514,Nagaland,28.884756,92.693207,0.8041731982206266,Critical
NER_R01399,Meghalaya,24.30254,89.60438,0.8021452632510007,Critical
NER_R00576,Nagaland,27.116908,95.438206,0.7990704542321512,Critical
NER_R04202,Nagaland,22.154591,93.673156,0.7989091365988719,Critical
NER_R02602,Assam,24.024791,93.438533,0.7983239877480768,Critical
NER_R11146,Sikkim,29.339846,90.519854,0.7982702869476757,Critical
NER_R04204,Arunachal Pradesh,28.186744,91.661212,0.7978262088046653,Critical
NER_R10970,Sikkim,29.15065,88.357997,0.7965029306812257,Critical
NER_R04194,Mizoram,23.608511,90.661963,0.7946924655976462,Critical
NER_R10479,Sikkim,26.368737,92.837018,0.7943950271835455,Critical
NER_R09039,Mizoram,23.902159,95.188963,0.7937608729193266,Critical
NER_R11897,Nagaland,23.443616,95.115008,0.7931067004430188,Critical
NER_R00238,Nagaland,22.830902,90.594829,0.7929136959186536,Critical
NER_R08463,Nagaland,29.305685,93.833992,0.7927711302694849,Critical
NER_R10017,Manipur,25.141306,92.115499,0.7912458630501076,Critical
NER_R09577,Mizoram,29.31006,92.707906,0.788705265450335,Critical
NER_R06634,Assam,22.244874,94.624961,0.7884818502271951,Critical
NER_R07814,Assam,23.675944,91.871061,0.7882337632327308,Critical
NER_R02897,Arunachal Pradesh,28.013431,91.023119,0.7869746039225468,Critical
NER_R00789,Tripura,29.412816,90.772717,0.7843979281332476,Critical
NER_R02556,Nagaland,27.682451,97.383425,0.7840322793588598,Critical
NER_R01729,Arunachal Pradesh,27.641403,97.365522,0.7840322793588598,Critical
NER_R09458,Arunachal Pradesh,25.601717,90.507988,0.7837056383265706,Critical
NER_R04200,Sikkim,23.82688,89.200497,0.7832112027598772,Critical
NER_R11511,Tripura,27.847552,93.113768,0.7817624397922371,Critical
NER_R04455,Manipur,27.670966,88.256462,0.7799370841295277,Critical
NER_R02274,Arunachal Pradesh,29.478756,90.118246,0.7792412559961145,Critical
NER_R09441,Tripura,27.174156,95.576457,0.7787991261249179,Critical
NER_R09476,Manipur,27.204435,92.340471,0.7785492903497035,Critical
NER_R00630,Sikkim,27.311724,92.220865,0.7770404197553045,Critical
NER_R05298,Manipur,21.523841,96.565296,0.7769467289561783,Critical
NER_R04466,Meghalaya,21.675532,96.496835,0.7769467289561783,Critical
NER_R08249,Assam,21.548342,96.40026,0.7769467289561783,Critical
NER_R01535,Manipur,21.900856,96.522787,0.7769467289561783,Critical
NER_R08083,Manipur,21.723278,96.308571,0.7769467289561783,Critical
NER_R02045,Tripura,21.996199,96.514163,0.7769467289561783,Critical
NER_R11427,Meghalaya,21.904135,96.494522,0.7769467289561783,Critical
NER_R06772,Tripura,21.557544,96.474495,0.7769467289561783,Critical
NER_R00150,Tripura,26.780956,89.161978,0.7763470546876883,Critical
NER_R00986,Arunachal Pradesh,26.716887,89.167191,0.7763470546876883,Critical
NER_R03035,Meghalaya,23.648064,96.886494,0.7757856208221376,Critical
NER_R00766,Manipur,27.80167,96.91042,0.7739738482649102,Critical
NER_R02953,Nagaland,27.85915,96.873068,0.7739738482649102,Critical
NER_R00792,Tripura,27.717828,95.780283,0.7726683570317894,Critical
NER_R09144,Mizoram,25.142942,92.751875,0.77004817194215,Critical
NER_R05512,Nagaland,24.453087,94.264837,0.7698884665227435,Critical
NER_R09083,Nagaland,23.745936,89.491447,0.7693294300664544,Critical
NER_R03248,Mizoram,22.946992,94.204127,0.7688335684466301,Critical
NER_R07272,Tripura,25.027042,89.205806,0.7676073576307005,Critical
NER_R10539,Nagaland,25.482374,90.54015,0.7671542932685687,Critical
NER_R02186,Manipur,23.374553,91.719717,0.7669551595534234,Critical
NER_R02138,Tripura,22.924128,88.256675,0.7668337824703093,Critical
NER_R03002,Arunachal Pradesh,25.349155,90.908786,0.7660540300749852,Critical
NER_R06515,Sikkim,25.405162,97.435122,0.7656241587936632,Critical
NER_R07845,Tripura,25.614215,88.577175,0.764557213311739,Critical
NER_R05048,Meghalaya,25.59815,88.582717,0.764557213311739,Critical
NER_R02634,Meghalaya,26.30437,89.621255,0.7641947788885016,Critical
NER_R05008,Manipur,28.912971,96.954028,0.7632085206715552,Critical
NER_R00787,Sikkim,22.65328,89.632199,0.7617323788733937,Critical
NER_R10792,Meghalaya,27.061104,89.389227,0.7611094964262648,Critical
NER_R04830,Manipur,27.415303,96.886896,0.7607248504949112,Critical
NER_R06222,Assam,29.02602,96.413606,0.760174377659226,Critical
NER_R03562,Tripura,22.901583,96.439261,0.7589168733775749,Critical
NER_R07046,Tripura,22.74884,91.032676,0.757989318072575,Critical
NER_R10151,Tripura,23.96353,90.437353,0.7579612184464471,Critical
NER_R09722,Sikkim,26.460912,94.669411,0.7579554736501857,Critical
NER_R06357,Mizoram,27.238087,92.315821,0.7560304581652171,Critical
NER_R02467,Tripura,23.568198,94.455505,0.7550347157648358,Critical
NER_R11664,Assam,28.073965,91.604021,0.7543439177984753,Critical
NER_R03154,Mizoram,26.948876,93.25965,0.7522655980720611,Critical
NER_R07738,Mizoram,22.702801,90.983354,0.7520066399796976,Critical
NER_R05644,Sikkim,25.060362,93.951834,0.7508377976718588,Critical
NER_R10263,Arunachal Pradesh,28.617682,95.654311,0.7502171346430817,Critical
NER_R01262,Manipur,29.475895,94.325094,0.7482295958251517,High
NER_R06584,Nagaland,28.674225,92.52254,0.7482123451499667,High
NER_R02199,Nagaland,27.876794,90.808061,0.7475135297694129,High
NER_R00205,Meghalaya,21.854478,96.265463,0.7467382808086283,High
NER_R00622,Arunachal Pradesh,26.492227,89.437506,0.7463501900413438,High
NER_R07721,Tripura,21.901011,92.035919,0.7462091003047009,High
NER_R11367,Assam,21.852881,91.980304,0.7462091003047009,High
NER_R01603,Arunachal Pradesh,25.868054,90.955442,0.74565228075011,High
NER_R11722,Manipur,22.534874,96.229802,0.7452293658294826,High
NER_R08948,Manipur,22.116656,93.090743,0.744814357848086,High
NER_R05327,Mizoram,28.041594,89.851552,0.7438819478817831,High
NER_R08304,Mizoram,23.510519,92.327035,0.7438497899977471,High
NER_R03924,Sikkim,22.102499,94.432812,0.7431904919314272,High
NER_R00070,Nagaland,28.70967,97.275411,0.7426527920450778,High
NER_R10973,Assam,26.563087,93.099426,0.7418627062680966,High
NER_R01952,Manipur,29.122437,89.171361,0.7414465248061184,High
NER_R04376,Assam,28.026013,93.483014,0.7405993949490827,High
NER_R04219,Tripura,27.312028,95.619994,0.7404574558650945,High
NER_R02469,Assam,25.36168,90.148394,0.7393259751422195,High
NER_R00068,Assam,26.840231,90.613522,0.7384619543619427,High
NER_R00601,Mizoram,24.172631,92.584666,0.7372396220117858,High
NER_R05752,Meghalaya,22.968569,92.080947,0.7366435669317619,High
NER_R04270,Meghalaya,22.496124,89.646279,0.7364549142110883,High
NER_R05446,Tripura,26.117418,97.294652,0.7363911089471424,High
NER_R05909,Assam,26.100377,97.248449,0.7363911089471424,High
NER_R09426,Sikkim,22.215586,89.704386,0.736066073209321,High
NER_R08293,Mizoram,26.952433,90.482384,0.7349932216932494,High
NER_R02677,Mizoram,24.437033,89.409886,0.7345852739377978,High
NER_R06166,Tripura,22.194691,93.396875,0.7337921397745506,High
NER_R09055,Manipur,27.488303,88.00656,0.7323593485844657,High
NER_R00956,Manipur,28.713353,91.180075,0.7321252251348904,High
NER_R03698,Assam,28.668453,91.185465,0.7321252251348904,High
NER_R04198,Assam,24.598868,96.645626,0.7320535893388213,High
NER_R02557,Tripura,24.731069,93.814041,0.731000378455274,High
NER_R08751,Manipur,24.940094,93.544566,0.7301475969329572,High
NER_R00595,Meghalaya,27.403391,95.702046,0.728628031639324,High
NER_R06505,Assam,29.151849,90.345697,0.7281739596778629,High
NER_R06722,Assam,23.831613,91.194186,0.7268562150841842,High
NER_R05287,Meghalaya,22.486372,89.904988,0.7253979026033448,High
NER_R04153,Manipur,29.184738,95.761814,0.7253012662543779,High
NER_R01496,Mizoram,23.438445,95.704908,0.7243119102590818,High
NER_R11040,Assam,25.755884,92.092879,0.7238664158424657,High
NER_R03707,Assam,28.710038,89.514219,0.722427239098296,High
NER_R03022,Nagaland,27.20535,91.309163,0.7223658416943795,High
NER_R04526,Meghalaya,22.083862,91.338854,0.7211428975853895,High
NER_R10221,Arunachal Pradesh,26.283335,88.771551,0.7208085979429568,High
NER_R04896,Arunachal Pradesh,23.422992,88.055297,0.7205125293915486,High
NER_R07267,Sikkim,26.039213,94.273991,0.7203891258864732,High
NER_R04876,Nagaland,26.711438,91.712077,0.719470493827704,High
NER_R05202,Sikkim,25.316617,96.678751,0.7180703477904322,High
NER_R08997,Mizoram,25.338561,96.67745,0.7180703477904322,High
NER_R09123,Sikkim,24.171651,88.461988,0.718008103013967,High
NER_R03085,Arunachal Pradesh,24.137172,88.492272,0.718008103013967,High
NER_R09591,Nagaland,29.456892,96.025269,0.716211535003278,High
NER_R04688,Assam,23.076508,90.234494,0.7146859797605991,High
NER_R08269,Nagaland,22.732023,92.738403,0.7146333917792334,High
NER_R03061,Tripura,25.004806,93.120548,0.7141191484124517,High
NER_R08245,Tripura,22.393649,95.083835,0.7137789001315911,High
NER_R07273,Arunachal Pradesh,24.37999,96.201853,0.7137682687481806,High
NER_R09319,Meghalaya,23.996584,90.937242,0.7128495337785099,High
NER_R05844,Tripura,28.128585,88.251179,0.712326108232982,High
NER_R05585,Assam,26.445348,95.707694,0.7113271722695185,High
NER_R03240,Sikkim,24.690572,93.530588,0.7112448235418483,High
NER_R07014,Assam,22.037383,90.945904,0.7111183557422753,High
NER_R11856,Meghalaya,22.041079,90.922883,0.7111183557422753,High
NER_R05156,Manipur,28.311768,96.101638,0.7097415587608726,High
NER_R05968,Nagaland,21.82967,96.944739,0.7096330413282803,High
NER_R10203,Arunachal Pradesh,21.587427,96.972271,0.7096330413282803,High
NER_R11942,Arunachal Pradesh,26.123023,93.492453,0.7096096352882493,High
NER_R03627,Nagaland,28.129294,88.386718,0.7083333027954636,High
NER_R05665,Arunachal Pradesh,26.462296,88.747936,0.7077379176207155,High
NER_R03500,Tripura,28.739173,88.212561,0.7070597243130212,High
NER_R07418,Meghalaya,28.921102,95.538652,0.7068525519007401,High
NER_R00513,Sikkim,28.706256,90.012956,0.7068070595243068,High
NER_R03987,Meghalaya,28.820799,92.791711,0.7067483008339566,High
NER_R00176,Nagaland,28.822224,91.174961,0.7040483029244242,High
NER_R04141,Nagaland,25.570813,89.583221,0.7029003236447573,High
NER_R04360,Sikkim,24.164307,91.253942,0.7022360824898872,High
NER_R04318,Arunachal Pradesh,24.979771,88.963242,0.700064442802451,High
NER_R00213,Mizoram,21.931333,91.84984,0.699661098545507,High
NER_R04223,Assam,21.93701,91.889626,0.699661098545507,High
NER_R01364,Nagaland,27.088922,95.372949,0.6995410453671946,High
NER_R07221,Tripura,29.065691,90.314143,0.6993253053635207,High
NER_R04834,Arunachal Pradesh,26.76237,93.394071,0.6989921066617146,High
NER_R10778,Meghalaya,23.318586,95.601192,0.6986397146254633,High
NER_R05533,Manipur,23.356633,95.590425,0.6986397146254633,High
NER_R10589,Mizoram,26.654439,96.050778,0.6985774602859773,High
NER_R00214,Sikkim,26.08651,93.410418,0.6982310032038681,High
NER_R02067,Meghalaya,23.847287,95.777742,0.6968811241858224,High
NER_R06099,Manipur,23.610273,91.747974,0.6967848558715484,High
NER_R09811,Mizoram,25.283288,97.097158,0.6961650811544744,High
NER_R05901,Tripura,27.028721,92.884888,0.6958806996675049,High
NER_R00215,Manipur,27.008796,92.932093,0.6958806996675049,High
NER_R10952,Arunachal Pradesh,27.081984,97.463861,0.6950890022238937,High
NER_R03325,Manipur,27.083678,92.875581,0.6949362752539789,High
NER_R00438,Tripura,26.353982,95.411959,0.693318704420012,High
NER_R09520,Sikkim,24.791542,96.756427,0.691337673228817,High
NER_R07512,Arunachal Pradesh,24.22944,95.732863,0.690408927453499,High
NER_R03127,Arunachal Pradesh,24.208463,95.742316,0.690408927453499,High
NER_R05049,Arunachal Pradesh,24.705096,88.909015,0.688843516948354,High
NER_R10492,Assam,23.777594,96.431318,0.688599243638875,High
NER_R03813,Arunachal Pradesh,24.161693,93.13607,0.6884063601193962,High
NER_R01624,Meghalaya,27.975552,94.145511,0.6876585662892554,High
NER_R04967,Assam,28.016296,94.823302,0.6874100551717588,High
NER_R10549,Mizoram,27.730244,97.281285,0.6872752394358852,High
NER_R01232,Tripura,22.990922,93.723397,0.6871971577492533,High
NER_R04695,Arunachal Pradesh,27.482659,96.010927,0.6863511861927156,High
NER_R11859,Arunachal Pradesh,27.127663,91.637209,0.6861536054281321,High
NER_R03512,Mizoram,28.140585,88.876797,0.683429468951005,High
NER_R01203,Meghalaya,28.422966,97.3793,0.6826045354088968,High
NER_R03848,Meghalaya,26.842469,89.010396,0.6819744856244934,High
NER_R04777,Meghalaya,25.496014,90.702176,0.6809919098362722,High
NER_R04214,Mizoram,27.439011,97.05849,0.6806503914280777,High
NER_R00992,Meghalaya,21.62086,97.23171,0.680561758618152,High
NER_R10110,Mizoram,21.743408,97.214286,0.680561758618152,High
NER_R06497,Nagaland,23.282127,91.916026,0.6794495958463727,High
NER_R07635,Mizoram,25.840568,89.526437,0.6785256284462635,High
NER_R05360,Mizoram,29.474488,89.111124,0.6781566827179293,High
NER_R11917,Sikkim,27.657867,95.906409,0.6780200825502978,High
NER_R08280,Mizoram,22.935589,88.371569,0.6772170551641581,High
NER_R00245,Sikkim,23.824026,96.961038,0.6768393487426476,High
NER_R11300,Tripura,22.479418,89.238904,0.675900287653344,High
NER_R07601,Sikkim,22.508304,88.81245,0.6742855809082982,High
NER_R07381,Tripura,21.748228,88.048346,0.6733810683183532,High
NER_R00852,Arunachal Pradesh,21.959108,88.000641,0.6733810683183532,High
NER_R05904,Sikkim,21.990983,88.008376,0.6733810683183532,High
NER_R08824,Sikkim,21.897075,88.023833,0.6733810683183532,High
NER_R02098,Arunachal Pradesh,26.277702,89.174482,0.6731627044719735,High
NER_R04035,Sikkim,29.040722,90.702968,0.6730480665834171,High
NER_R00839,Meghalaya,29.08244,90.579135,0.6730480665834171,High
NER_R09001,Assam,28.417091,89.265421,0.6729188792050929,High
NER_R06227,Tripura,26.850405,94.783851,0.6726584765843588,High
NER_R01890,Mizoram,28.306501,92.568358,0.6719512127974226,High
NER_R08725,Arunachal Pradesh,27.993083,94.968864,0.6716089156214498,High
NER_R03746,Sikkim,29.372477,91.441748,0.6708334124821004,High
NER_R02699,Tripura,29.346533,91.436197,0.6708334124821004,High
NER_R01047,Manipur,23.115168,89.650284,0.6706603958280857,High
NER_R02987,Arunachal Pradesh,28.10172,93.552625,0.6690181833590361,High
NER_R05695,Meghalaya,27.061048,92.010007,0.6683507330980377,High
NER_R11232,Assam,25.044815,91.54625,0.6639578538628952,High
NER_R10383,Tripura,25.0615,91.594805,0.6639578538628952,High
NER_R10793,Arunachal Pradesh,26.689324,95.178383,0.6630748425572434,High
NER_R01656,Manipur,26.977373,92.258984,0.6618403187119815,High
NER_R00444,Tripura,23.43632,91.098982,0.6605535913438201,High
NER_R03901,Arunachal Pradesh,25.87905,88.411016,0.6604520129353565,High
NER_R09670,Arunachal Pradesh,23.109081,89.786759,0.6602847002613781,High
NER_R03494,Nagaland,29.11507,90.732841,0.6599655035812647,High
NER_R11067,Arunachal Pradesh,24.296465,91.314459,0.6596556343737954,High
NER_R11615,Nagaland,24.273523,91.287843,0.6596556343737954,High
NER_R07642,Tripura,23.605848,94.326311,0.6583854502944261,High
NER_R10757,Meghalaya,23.454039,97.38495,0.6580000149630107,High
NER_R02372,Meghalaya,24.829501,93.673891,0.6570669669212215,High
NER_R10024,Mizoram,25.344104,93.510095,0.6559929005585086,High
NER_R02285,Arunachal Pradesh,23.25316,88.071906,0.6554893375477377,High
NER_R04232,Mizoram,24.386403,93.461447,0.6533757186601601,High
NER_R02976,Manipur,24.472841,93.488927,0.6533757186601601,High
NER_R09403,Assam,26.029396,91.420983,0.6533444402892794,High
NER_R01038,Sikkim,26.026469,91.381304,0.6533444402892794,High
NER_R04453,Assam,24.574541,93.300271,0.6531034333244126,High
NER_R05391,Meghalaya,27.657316,96.95795,0.6527919910556088,High
NER_R04512,Tripura,24.418728,93.43179,0.6526085257636979,High
NER_R10720,Meghalaya,22.250631,91.666269,0.6523059733061893,High
NER_R09326,Tripura,23.824753,96.423813,0.6522560673337328,High
NER_R07937,Meghalaya,23.46665,93.35844,0.6520904293482119,High
NER_R10473,Tripura,27.087142,95.701755,0.6514339499808068,High
NER_R06065,Nagaland,22.203726,92.967401,0.651089105276922,High
NER_R08590,Meghalaya,22.350377,88.194707,0.6509085880195582,High
NER_R07317,Meghalaya,22.51554,95.100409,0.6501130184004138,High
NER_R01263,Sikkim,22.886863,94.579577,0.6478759132979033,High
NER_R08421,Sikkim,23.682292,96.399798,0.6476799293884616,High
NER_R00201,Sikkim,28.625123,96.643613,0.6474479015027452,High
NER_R04861,Meghalaya,25.103739,96.966907,0.6472118841418508,High
NER_R05347,Nagaland,24.367596,90.443298,0.6453271492358933,High
NER_R08060,Nagaland,24.331043,90.394722,0.6453271492358933,High
NER_R10281,Tripura,25.072457,89.071191,0.6449024909395293,High
NER_R11577,Assam,29.153297,94.291345,0.6436178307484635,High
NER_R06415,Manipur,27.851418,91.463649,0.6425230998719844,High
NER_R00339,Meghalaya,24.573513,92.360657,0.6424512085345775,High
NER_R02510,Meghalaya,23.508049,90.91308,0.642268281251487,High
NER_R11827,Arunachal Pradesh,25.71417,92.178477,0.6421178212498857,High
NER_R01793,Sikkim,25.478035,90.796427,0.6417786252924799,High
NER_R05595,Nagaland,25.543533,90.82554,0.6417786252924799,High
NER_R03012,Tripura,24.691943,96.7023,0.6407655905331703,High
NER_R06232,Sikkim,24.69822,96.721176,0.6407655905331703,High
NER_R01141,Nagaland,29.266385,88.900679,0.6406831178349138,High
NER_R02549,Nagaland,28.751321,88.167753,0.6403933731410545,High
NER_R02524,Tripura,27.624706,95.23053,0.6395889587195932,High
NER_R05455,Assam,27.330827,90.906885,0.637623656431298,High
NER_R09414,Nagaland,25.687311,90.806033,0.63740078165274,High
NER_R02504,Nagaland,25.387854,88.604878,0.6362819659560525,High
NER_R11429,Meghalaya,22.959725,90.039932,0.6354787965685351,High
NER_R06351,Arunachal Pradesh,22.881848,90.041593,0.6354787965685351,High
NER_R04138,Arunachal Pradesh,22.883286,90.057659,0.6354787965685351,High
NER_R05209,Sikkim,25.429466,95.204155,0.6353777064017522,High
NER_R03537,Assam,25.853957,88.246414,0.6353357082813202,High
NER_R03382,Meghalaya,27.510994,89.721363,0.6351330685069934,High
NER_R00769,Meghalaya,27.105379,90.149652,0.6337099421080112,High
NER_R08300,Nagaland,25.2582,92.468842,0.6325888136010751,High
NER_R02383,Arunachal Pradesh,23.861008,94.560989,0.6323828923837957,High
NER_R10964,Meghalaya,28.826022,88.896083,0.6307410421823403,High
NER_R08805,Assam,28.492756,93.703406,0.630544704703697,High
NER_R01208,Nagaland,29.383803,91.952351,0.6299731711239243,High
NER_R01024,Arunachal Pradesh,28.975645,96.674338,0.6297280196364352,High
NER_R10806,Arunachal Pradesh,24.6639,96.518876,0.6290577218284342,High
NER_R08400,Mizoram,25.84316,95.949319,0.6287202332032391,High
NER_R07322,Meghalaya,23.287237,95.512422,0.6264233695485004,High
NER_R06117,Mizoram,23.186838,94.517383,0.625141801167985,High
NER_R08551,Mizoram,27.834774,89.216537,0.6240010596586079,High
NER_R00665,Assam,22.481915,94.466765,0.6239288469129368,High
NER_R10028,Manipur,24.098361,90.397064,0.6234268599479793,High
NER_R03157,Meghalaya,26.000183,91.072376,0.6226882635941731,High
NER_R01193,Mizoram,25.830411,93.725896,0.6226684536234666,High
NER_R07396,Tripura,24.548799,92.8167,0.6224847211669056,High
NER_R07451,Meghalaya,27.551515,95.071839,0.6223584513837308,High
NER_R03522,Mizoram,29.316114,89.001251,0.6221868259423478,High
NER_R04560,Nagaland,25.153032,96.229789,0.6215170976994883,High
NER_R07764,Sikkim,25.050687,89.545828,0.6212056654609901,High
NER_R08487,Nagaland,29.160334,90.928481,0.6201107927591762,High
NER_R10563,Arunachal Pradesh,23.045018,90.792778,0.619331952822762,High
NER_R02412,Manipur,27.288474,93.169228,0.619167010285074,High
NER_R02792,Assam,27.757561,89.272326,0.6181838598864831,High
NER_R08012,Sikkim,28.227588,91.559536,0.618074500652597,High
NER_R09122,Mizoram,22.77126,90.706297,0.6173072053401488,High
NER_R08246,Mizoram,24.785505,95.409491,0.6170416585216195,High
NER_R03433,Mizoram,25.366805,97.115315,0.615749223246074,High
NER_R08700,Arunachal Pradesh,25.039514,91.640917,0.6155886652973466,High
NER_R00358,Tripura,25.531178,89.012611,0.6155727125905259,High
NER_R08874,Sikkim,28.110453,88.487225,0.6153052242400485,High
NER_R01799,Sikkim,28.39834,88.984404,0.6137730128790772,High
NER_R04182,Mizoram,25.328763,93.583802,0.613659698246342,High
NER_R09519,Manipur,22.268418,96.889288,0.6127159297563567,High
NER_R03753,Mizoram,27.508517,90.690003,0.6116516052800302,High
NER_R09057,Assam,22.985849,96.420447,0.6101275510307588,High
NER_R01562,Meghalaya,22.449247,88.465228,0.6098916233658125,High
NER_R05121,Arunachal Pradesh,27.660091,94.465822,0.6087759148447001,High
NER_R10636,Mizoram,28.195908,91.113257,0.6085164245489882,High
NER_R11860,Meghalaya,24.588382,95.229817,0.6041380112444235,High
NER_R06907,Arunachal Pradesh,29.469282,90.67715,0.604100386056318,High
NER_R10885,Nagaland,27.788202,91.729048,0.6040253877189223,High
NER_R06993,Mizoram,28.826337,96.356259,0.6040024842473147,High
NER_R02958,Sikkim,29.057841,93.879456,0.6037358688512675,High
NER_R00108,Meghalaya,24.006623,91.774071,0.6029928157087541,High
NER_R04312,Manipur,26.524436,93.680142,0.6027197346955567,High
NER_R00575,Sikkim,22.78183,93.074298,0.6008585250441255,High
NER_R05789,Manipur,22.760219,93.082211,0.6008585250441255,High
NER_R02924,Assam,24.078575,90.350541,0.600730419901204,High
NER_R07065,Nagaland,25.998783,95.98277,0.6006443740917793,High
NER_R02348,Arunachal Pradesh,22.402164,89.343755,0.6006277816728842,High
NER_R09147,Tripura,29.158547,93.071876,0.5996035050187932,High
NER_R01958,Manipur,28.517627,96.195947,0.5993877712651353,High
NER_R02059,Arunachal Pradesh,28.803054,96.212079,0.5987194725713392,High
NER_R11478,Arunachal Pradesh,27.299516,91.832889,0.5983743586550482,High
NER_R07865,Manipur,23.456099,88.383285,0.5983706535155298,High
NER_R10402,Nagaland,26.00665,88.38849,0.5981296297620972,High
NER_R04701,Arunachal Pradesh,22.105863,88.064565,0.597773672665338,High
NER_R09630,Meghalaya,23.711148,88.553127,0.5976051821454976,High
NER_R00357,Arunachal Pradesh,22.657027,91.845725,0.5965228288552811,High
NER_R08980,Manipur,28.528723,97.486701,0.5963825058856305,High
NER_R04770,Manipur,24.982178,94.995573,0.5960070555536894,High
NER_R10608,Nagaland,27.596765,92.219096,0.5957819516657925,High
NER_R01394,Nagaland,26.382462,97.120972,0.5947571521859734,High
NER_R07513,Nagaland,26.360215,97.138398,0.5947571521859734,High
NER_R02107,Manipur,28.558781,89.459635,0.5943796421482652,High
NER_R02198,Tripura,22.343725,88.282009,0.5939166918511509,High
NER_R06694,Tripura,22.372185,94.271363,0.593810654252264,High
NER_R07395,Sikkim,24.422669,95.83729,0.5923692885803878,High
NER_R03760,Sikkim,24.418941,95.863287,0.5923692885803878,High
NER_R07835,Mizoram,24.671745,96.679823,0.5913339389232519,High
NER_R02625,Meghalaya,24.615308,96.687303,0.5913339389232519,High
NER_R04377,Manipur,21.991224,89.424445,0.5908774110528875,High
NER_R09315,Mizoram,21.688322,89.384243,0.5908774110528875,High
NER_R01679,Nagaland,21.648643,89.339592,0.5908774110528875,High
NER_R01552,Mizoram,21.585912,89.439333,0.5908774110528875,High
NER_R09002,Meghalaya,21.710319,89.244334,0.5908774110528875,High
NER_R03238,Manipur,21.585782,89.24866,0.5908774110528875,High
NER_R08254,Meghalaya,26.74209,90.796787,0.5907018923270076,High
NER_R10752,Manipur,23.903765,92.788374,0.5903607021517261,High
NER_R04095,Nagaland,28.396247,96.136538,0.5884856463230639,High
NER_R10634,Assam,22.353708,89.276538,0.5881606832879452,High
NER_R10097,Manipur,23.69342,91.59993,0.5880051838490004,High
NER_R03894,Mizoram,28.362137,95.880993,0.5877145164525035,High
NER_R02089,Tripura,25.523471,95.784942,0.5877117920052113,High
NER_R03895,Meghalaya,26.782182,94.332378,0.5864454720720522,High
NER_R11351,Meghalaya,27.006928,97.301903,0.5855732306814602,High
NER_R05572,Meghalaya,26.093253,88.265979,0.5850284755016963,High
NER_R04408,Tripura,25.928232,95.328386,0.584974573012135,High
NER_R07385,Assam,25.993384,94.054933,0.5847196749570869,High
NER_R08393,Meghalaya,24.885213,88.132408,0.5833640101110383,High
NER_R08435,Manipur,28.515634,94.570645,0.5832997441267939,High
NER_R03965,Arunachal Pradesh,27.954493,97.097004,0.5821855625667764,High
NER_R02040,Sikkim,21.862067,89.291221,0.5812305261958013,High
NER_R05505,Manipur,22.037403,89.340005,0.5812305261958013,High
NER_R11799,Sikkim,26.845203,88.554883,0.580862418754736,High
NER_R06985,Meghalaya,24.177948,92.896769,0.5807899803717592,High
NER_R06156,Assam,24.157239,92.906502,0.5807899803717592,High
NER_R07567,Sikkim,23.76411,97.173305,0.5791399780741278,High
NER_R02980,Assam,23.571341,93.001801,0.5785911931836749,High
NER_R04786,Sikkim,23.594573,92.985485,0.5785911931836749,High
NER_R04211,Sikkim,25.348992,91.469755,0.5785389076040465,High
NER_R09376,Meghalaya,23.233025,94.196695,0.5785070230854011,High
NER_R03196,Meghalaya,23.02257,97.393194,0.5782040543015083,High
NER_R01471,Mizoram,22.284755,93.715853,0.5779997583404883,High
NER_R02860,Sikkim,27.008815,93.32004,0.5775320362257892,High
NER_R07391,Assam,23.064456,93.267873,0.5775274482189525,High
NER_R07527,Nagaland,23.248208,88.487873,0.5773993583939896,High
NER_R06809,Sikkim,24.338041,95.287971,0.5764350800205509,High
NER_R01281,Arunachal Pradesh,24.831923,91.255841,0.5759323899376934,High
NER_R05769,Meghalaya,28.504944,88.404202,0.5756791836571364,High
NER_R02004,Tripura,26.806245,95.593549,0.5743973735483915,High
NER_R11142,Arunachal Pradesh,26.783756,95.604409,0.5743973735483915,High
NER_R10517,Tripura,23.411732,96.815501,0.5739701295185076,High
NER_R08030,Nagaland,28.625199,95.736278,0.5734172686313213,High
NER_R01978,Manipur,23.44805,88.896445,0.5733617000237843,High
NER_R11793,Nagaland,27.531867,88.922428,0.5733563588564576,High
NER_R03904,Assam,25.065989,95.350377,0.573191995739061,High
NER_R05497,Mizoram,27.214921,92.000494,0.5731712737603947,High
NER_R07329,Assam,21.986873,89.03925,0.5731463830102339,High
NER_R03680,Assam,21.986981,89.003572,0.5731463830102339,High
NER_R01945,Mizoram,24.986717,90.679586,0.5723589586320375,High
NER_R06014,Manipur,26.156861,95.362389,0.5719632406898296,High
NER_R11594,Mizoram,28.295744,95.485376,0.5700825401247349,High
NER_R03314,Assam,26.385137,94.27538,0.5691687871114036,High
NER_R07944,Arunachal Pradesh,28.294287,90.102134,0.5689035344364198,High
NER_R03080,Sikkim,24.993893,94.15132,0.5681887291733178,High
NER_R03886,Arunachal Pradesh,24.990811,94.131204,0.5681887291733178,High
NER_R07922,Manipur,28.776444,92.142079,0.5679998232286345,High
NER_R08682,Meghalaya,26.044373,97.474555,0.5673547685444777,High
NER_R01942,Tripura,26.103054,97.485239,0.5673547685444777,High
NER_R09603,Meghalaya,23.398392,95.419174,0.5664611667251591,High
NER_R07356,Manipur,22.051386,93.673632,0.5662976022669499,High
NER_R05537,Mizoram,23.37899,94.379954,0.5661204151622383,High
NER_R07558,Tripura,24.091735,88.670412,0.5659083015916284,High
NER_R00874,Assam,22.220826,95.043865,0.5657238809497527,High
NER_R02804,Meghalaya,23.756893,91.527213,0.5657064962675362,High
NER_R01334,Tripura,28.716852,89.421227,0.563892537856991,High
NER_R01960,Manipur,25.517025,88.951924,0.5628529944344168,High
NER_R06961,Mizoram,22.204042,93.37848,0.562667673681854,High
NER_R07274,Manipur,26.686691,96.038394,0.5625664346994925,High
NER_R06190,Tripura,26.689807,96.028465,0.5625664346994925,High
NER_R03734,Mizoram,29.256723,96.51129,0.5625476514344925,High
NER_R03437,Assam,25.856383,91.560701,0.5618683067505794,High
NER_R10577,Tripura,23.685333,94.14348,0.5618019248764231,High
NER_R01783,Tripura,23.702759,94.250217,0.5618019248764231,High
NER_R03171,Manipur,29.056506,95.804525,0.5606818051474964,High
NER_R10578,Assam,28.063833,97.022216,0.5604506688131629,High
NER_R00013,Manipur,28.087629,97.024122,0.5604506688131629,High
NER_R03672,Arunachal Pradesh,26.336998,93.32876,0.5602434302441466,High
NER_R09848,Meghalaya,22.706172,91.612975,0.5598845470391995,High
NER_R10796,Manipur,23.273237,91.682796,0.5598063804914459,High
NER_R09229,Tripura,27.93016,89.091113,0.5597936071307332,High
NER_R06570,Manipur,23.285839,94.964172,0.5596996236918943,High
NER_R06116,Manipur,23.285226,94.938913,0.5596996236918943,High
NER_R08514,Manipur,26.855875,96.480127,0.5586508596963973,High
NER_R07711,Assam,24.303272,96.040497,0.5552963395149629,High
NER_R00381,Tripura,21.96717,89.133463,0.5551507394525645,High
NER_R05676,Assam,24.917398,90.858733,0.5545398714205899,High
NER_R05914,Mizoram,24.20811,95.815059,0.5543553880313785,High
NER_R03257,Nagaland,24.379024,97.391173,0.5539768618385301,High
NER_R04459,Manipur,26.726522,96.162617,0.5530817117321947,High
NER_R00118,Nagaland,28.821126,91.73424,0.5527105403270984,High
NER_R05139,Nagaland,24.66153,88.145277,0.5516686628362912,High
NER_R02839,Mizoram,27.583652,88.178697,0.5516289402899732,High
NER_R07570,Tripura,27.382368,96.174809,0.5514437767917006,High
NER_R04557,Sikkim,21.663828,91.126833,0.5514082864673937,High
NER_R07965,Mizoram,21.960987,91.08709,0.5514082864673937,High
NER_R01015,Mizoram,21.596784,91.163923,0.5514082864673937,High
NER_R10732,Manipur,21.61519,91.083273,0.5514082864673937,High
NER_R11517,Sikkim,25.601958,92.959964,0.5509210205277495,High
NER_R10750,Meghalaya,22.436697,92.673111,0.5508591849216715,High
NER_R01547,Tripura,26.383804,91.114619,0.550732534706496,High
NER_R07846,Sikkim,27.631642,88.711265,0.5505839987040924,High
NER_R04582,Tripura,27.650493,88.687495,0.5505839987040924,High
NER_R07164,Meghalaya,22.41347,91.335441,0.5497997497340859,High
NER_R06802,Nagaland,28.976967,94.640444,0.5459918539876462,High
NER_R05029,Nagaland,21.550284,96.947691,0.5453918161161359,High
NER_R11817,Manipur,22.974935,97.101656,0.5450823293164492,High
NER_R11986,Meghalaya,26.361665,90.092662,0.5444837320573374,High
NER_R05321,Manipur,26.467118,90.083905,0.5444837320573374,High
NER_R06178,Sikkim,28.356928,93.803017,0.5432900882163021,High
NER_R05739,Meghalaya,24.760866,88.960852,0.542952619391585,High
NER_R04766,Assam,25.799034,91.034134,0.5424513149259539,High
NER_R10570,Arunachal Pradesh,22.438316,91.978989,0.542413969113817,High
NER_R10191,Tripura,22.269598,91.940433,0.5416876140272857,High
NER_R07897,Arunachal Pradesh,24.592401,93.81516,0.5408273664092338,High
NER_R07982,Sikkim,24.592338,93.892012,0.5408273664092338,High
NER_R01767,Nagaland,24.656422,93.797565,0.5408273664092338,High
NER_R08801,Arunachal Pradesh,27.750501,96.812843,0.5406465944722219,High
NER_R01080,Assam,28.322449,92.569334,0.5404906665694329,High
NER_R11695,Sikkim,23.58402,97.271147,0.5402827384738724,High
NER_R00498,Meghalaya,22.426677,92.201843,0.5401564512484471,High
NER_R00563,Sikkim,22.434499,92.208932,0.5401564512484471,High
NER_R01434,Meghalaya,25.052518,88.345911,0.539841695623738,High
NER_R10749,Tripura,22.803222,90.023806,0.5391544100752048,High
NER_R06649,Mizoram,26.49646,92.765362,0.5388437031464182,High
NER_R09228,Manipur,22.091578,94.464841,0.5387987716697051,High
NER_R09113,Arunachal Pradesh,29.462739,95.466397,0.5382112241702555,High
NER_R10791,Sikkim,24.355339,93.449067,0.5377293690376677,High
NER_R00661,Tripura,23.03276,97.0083,0.5365950043392669,High
NER_R05390,Arunachal Pradesh,23.405712,95.372838,0.5363525527509094,High
NER_R02306,Mizoram,27.238174,93.437141,0.5363325144504794,High
NER_R11671,Arunachal Pradesh,27.738636,92.741107,0.535988228684764,High
NER_R07355,Assam,25.848485,96.035622,0.5350283970916466,High
NER_R00835,Assam,25.831783,96.043077,0.5350283970916466,High
NER_R04662,Sikkim,25.616902,88.384191,0.5348142544117769,High
NER_R06393,Sikkim,26.806607,97.310118,0.5343909479208633,High
NER_R07529,Sikkim,22.473877,88.607183,0.533585821697659,High
NER_R10485,Arunachal Pradesh,27.641076,96.566238,0.533575688467206,High
NER_R00641,Nagaland,28.304804,97.372822,0.5332822701851988,High
NER_R05332,Assam,27.022101,89.282376,0.5325670159371911,High
NER_R08031,Mizoram,26.396875,94.670826,0.5310145023665397,High
NER_R08875,Manipur,21.89096,88.720839,0.5289904691377276,High
NER_R01925,Arunachal Pradesh,22.005194,88.748709,0.5289904691377276,High
NER_R05240,Meghalaya,27.845724,95.942277,0.528608760119212,High
NER_R02681,Assam,23.680395,94.88877,0.528341141649364,High
NER_R06400,Nagaland,28.713307,94.46923,0.5271777639888866,High
NER_R00936,Assam,27.587789,92.619023,0.5270536292877693,High
NER_R01811,Arunachal Pradesh,23.068234,90.849562,0.5267527261585698,High
NER_R00261,Assam,24.76735,89.315237,0.5249239822275631,High
NER_R05765,Meghalaya,23.413492,89.191445,0.524615796826398,High
NER_R00902,Meghalaya,25.428308,91.693664,0.5234573283765862,High
NER_R07204,Tripura,23.255174,91.14804,0.518182084421944,High
NER_R11108,Mizoram,27.569758,90.526199,0.5168909117201747,High
NER_R02464,Arunachal Pradesh,22.007596,92.184516,0.5165097925900435,High
NER_R08630,Arunachal Pradesh,21.576187,92.245773,0.5165097925900435,High
NER_R04614,Assam,21.50408,92.159006,0.5165097925900435,High
NER_R09999,Nagaland,21.775918,92.126038,0.5165097925900435,High
NER_R00487,Manipur,22.979179,94.777377,0.5160427180903671,High
NER_R00006,Tripura,23.67775,94.651995,0.515944914911707,High
NER_R11344,Meghalaya,21.89803,90.669247,0.5146060294006096,High
NER_R04421,Arunachal Pradesh,21.689235,90.46463,0.5146060294006096,High
NER_R03252,Sikkim,21.548176,90.438839,0.5146060294006096,High
NER_R03471,Meghalaya,21.698675,90.698186,0.5146060294006096,High
NER_R05125,Meghalaya,21.59583,90.646728,0.5146060294006096,High
NER_R08001,Arunachal Pradesh,21.984561,90.564875,0.5146060294006096,High
NER_R04567,Arunachal Pradesh,21.806792,90.686417,0.5146060294006096,High
NER_R11608,Arunachal Pradesh,26.396701,91.776408,0.5144836181753261,High
NER_R03893,Tripura,29.370097,95.437887,0.5143235083051002,High
NER_R03025,Manipur,28.269827,90.399412,0.5136851354076104,High
NER_R02685,Nagaland,23.699929,95.206619,0.5132990551926466,High
NER_R05515,Sikkim,22.885094,92.803838,0.5129256118247385,High
NER_R03294,Mizoram,23.016711,92.238432,0.5127848115722409,High
NER_R07380,Mizoram,22.9884,92.237112,0.5127848115722409,High
NER_R09214,Nagaland,27.829493,90.213852,0.5112512469744593,High
NER_R07258,Assam,27.921415,93.546287,0.5100427543103733,High
NER_R05464,Meghalaya,23.132978,95.253864,0.5088827733286271,High
NER_R09143,Meghalaya,25.1377,93.873902,0.5078093919168135,High
NER_R10840,Meghalaya,21.783034,93.659047,0.5074799804408003,High
NER_R10754,Manipur,24.747207,91.083917,0.5067756953189171,High
NER_R09071,Nagaland,27.928593,92.208531,0.5065738872567898,High
NER_R11833,Tripura,23.602407,96.543182,0.5060027267969501,High
NER_R07094,Nagaland,23.165472,92.226985,0.5057876821540268,High
NER_R01233,Mizoram,24.155867,89.339786,0.5044589048389281,High
NER_R02714,Meghalaya,25.630528,90.491115,0.5043389347315381,High
NER_R01732,Manipur,25.242318,93.408222,0.5022396131556423,High
NER_R10586,Assam,25.23058,88.845921,0.5008360461136511,High
NER_R08343,Sikkim,28.723828,93.441299,0.5005323205991381,High
NER_R07941,Sikkim,24.745455,88.013232,0.5002388727351725,High
NER_R07806,Nagaland,24.83632,88.060814,0.5002388727351725,High
NER_R02555,Assam,24.775033,88.112265,0.5002388727351725,High
NER_R06843,Arunachal Pradesh,28.456558,95.74787,0.5001584761598761,High
NER_R03931,Tripura,27.231092,93.018762,0.49971432512636016,Medium
NER_R00810,Mizoram,28.024339,93.729148,0.4995269570763219,Medium
NER_R02941,Mizoram,28.022692,93.747516,0.4995269570763219,Medium
NER_R04321,Assam,25.26372,94.100979,0.4995081838934168,Medium
NER_R04110,Assam,22.871465,95.774941,0.4993568646147319,Medium
NER_R05424,Sikkim,27.825019,92.728563,0.49932961569867385,Medium
NER_R04067,Assam,27.812087,92.811347,0.49932961569867385,Medium
NER_R08321,Assam,22.870802,91.740715,0.49928201998348676,Medium
NER_R02120,Tripura,24.35879,91.310944,0.49859286643324024,Medium
NER_R11946,Sikkim,22.437765,93.287924,0.4982333786677371,Medium
NER_R06797,Manipur,28.617885,92.04788,0.4981548986623052,Medium
NER_R05962,Sikkim,23.416839,89.388418,0.4981266794492137,Medium
NER_R08127,Arunachal Pradesh,23.389852,89.385358,0.4981266794492137,Medium
NER_R05988,Tripura,26.406961,97.16588,0.49753260055162085,Medium
NER_R06867,Manipur,26.056169,95.362315,0.4973246699997687,Medium
NER_R07281,Arunachal Pradesh,25.920558,95.484927,0.49702752321052274,Medium
NER_R07454,Manipur,25.941625,96.402522,0.49573508542412653,Medium
NER_R11483,Sikkim,25.877024,88.117123,0.4955897318194545,Medium
NER_R08992,Mizoram,21.744194,94.935841,0.49502564319682724,Medium
NER_R03177,Nagaland,21.89423,94.915822,0.49502564319682724,Medium
NER_R10884,Manipur,28.22676,89.437291,0.4948376043600198,Medium
NER_R05527,Manipur,26.20482,95.128996,0.4946479182604405,Medium
NER_R09272,Tripura,26.959183,88.927572,0.4946186715721592,Medium
NER_R01864,Nagaland,29.456525,91.099481,0.49411833973914976,Medium
NER_R04155,Assam,29.47906,91.096864,0.49411833973914976,Medium
NER_R07824,Arunachal Pradesh,21.595091,93.905263,0.49353739203335234,Medium
NER_R10245,Mizoram,29.445256,96.320355,0.4934132510837877,Medium
NER_R08635,Tripura,29.035607,95.755946,0.4930524806406363,Medium
NER_R09719,Manipur,22.322699,92.970932,0.49268714577037176,Medium
NER_R07597,Arunachal Pradesh,22.697485,92.825489,0.492000171223022,Medium
NER_R04314,Arunachal Pradesh,25.61242,93.977765,0.4915563744021604,Medium
NER_R01540,Mizoram,23.252535,92.977014,0.4915490405388271,Medium
NER_R01982,Meghalaya,25.240322,91.59377,0.49138443418160915,Medium
NER_R08644,Nagaland,28.581542,93.101371,0.4912834462720979,Medium
NER_R07916,Arunachal Pradesh,28.628487,93.155442,0.4912834462720979,Medium
NER_R03114,Tripura,22.089203,97.452353,0.49101768753541253,Medium
NER_R05780,Sikkim,25.961961,89.206746,0.4891780521558299,Medium
NER_R11507,Manipur,25.29913,94.275339,0.48749171191608015,Medium
NER_R10053,Nagaland,23.475912,97.214349,0.4871048049569635,Medium
NER_R09997,Manipur,27.981916,95.263006,0.4863132068446701,Medium
NER_R04579,Tripura,25.28965,90.049314,0.4857863218768574,Medium
NER_R09104,Sikkim,28.599831,88.640838,0.48425440466130726,Medium
NER_R03364,Arunachal Pradesh,23.82201,96.865512,0.4840189405349509,Medium
NER_R08206,Meghalaya,25.120198,88.100883,0.48236294095464355,Medium
NER_R10739,Manipur,23.036696,90.027176,0.48155536250763337,Medium
NER_R11713,Tripura,28.210931,89.609526,0.48122348086428185,Medium
NER_R05363,Mizoram,23.313522,92.180369,0.48081886931167755,Medium
NER_R01345,Sikkim,23.028361,89.81063,0.48026952297571396,Medium
NER_R06887,Manipur,23.338712,94.053116,0.47967881099798737,Medium
NER_R07124,Sikkim,28.489701,93.138659,0.47943271919472225,Medium
NER_R11277,Tripura,23.561902,96.09581,0.4788713688792203,Medium
NER_R09034,Manipur,26.857209,96.77828,0.4786866593444085,Medium
NER_R11558,Sikkim,27.209544,96.172112,0.4783425962047955,Medium
NER_R07631,Sikkim,23.051167,90.310448,0.4776208011030169,Medium
NER_R09313,Manipur,22.558029,89.744115,0.4772986166033718,Medium
NER_R11415,Mizoram,25.988116,90.901621,0.47595291762263725,Medium
NER_R10359,Nagaland,22.765196,96.487486,0.47534774536869356,Medium
NER_R08675,Manipur,29.236931,90.164699,0.47503446808076955,Medium
NER_R03158,Sikkim,27.101036,93.359336,0.4749794479652242,Medium
NER_R10955,Manipur,26.175978,97.402474,0.4743602884558942,Medium
NER_R03058,Meghalaya,25.917489,89.370239,0.47350354593177035,Medium
NER_R06950,Tripura,28.7998,93.541365,0.47342851094744776,Medium
NER_R01674,Assam,26.281457,88.215784,0.47254723037732144,Medium
NER_R06527,Assam,23.190933,89.262673,0.472454340949028,Medium
NER_R01775,Sikkim,27.180182,96.993176,0.47234496003807,Medium
NER_R02466,Manipur,22.448224,95.753127,0.47229672234371184,Medium
NER_R10511,Sikkim,25.464302,95.446753,0.4721908245215848,Medium
NER_R10937,Nagaland,25.377622,95.441315,0.4721908245215848,Medium
NER_R09850,Mizoram,27.194802,90.244887,0.4716023449174164,Medium
NER_R01900,Arunachal Pradesh,24.031796,96.556796,0.4715882560749271,Medium
NER_R03854,Sikkim,23.926683,96.529763,0.4715882560749271,Medium
NER_R00732,Assam,28.395734,88.749664,0.4710216253275336,Medium
NER_R02074,Arunachal Pradesh,27.027343,97.055701,0.4708992140377553,Medium
NER_R00520,Arunachal Pradesh,24.243221,88.018639,0.4704435944827589,Medium
NER_R01251,Sikkim,27.907094,90.344773,0.4703528085266584,Medium
NER_R04059,Manipur,24.917151,95.570285,0.4700619252278133,Medium
NER_R02230,Meghalaya,29.422609,90.530975,0.46997790425481345,Medium
NER_R08951,Manipur,21.501927,88.828605,0.4699362290447002,Medium
NER_R08864,Mizoram,21.501962,89.089475,0.4699362290447002,Medium
NER_R07672,Tripura,21.749385,89.033398,0.4699362290447002,Medium
NER_R02173,Mizoram,21.863281,88.896419,0.4699362290447002,Medium
NER_R09433,Nagaland,22.593847,92.144716,0.4696811160034683,Medium
NER_R09450,Arunachal Pradesh,23.073924,94.494603,0.46735056297556404,Medium
NER_R10274,Meghalaya,23.061224,94.465651,0.46735056297556404,Medium
NER_R01309,Assam,28.667071,93.798584,0.46697067563768585,Medium
NER_R03804,Arunachal Pradesh,28.594479,93.859157,0.46697067563768585,Medium
NER_R04627,Manipur,26.633692,91.502378,0.46679253021002987,Medium
NER_R02836,Manipur,24.74477,93.179632,0.46569983723455327,Medium
NER_R05671,Manipur,25.444871,92.238008,0.4646746175778065,Medium
NER_R00465,Meghalaya,24.491995,94.922733,0.4644940696805636,Medium
NER_R00798,Sikkim,28.620787,94.893107,0.463068939389249,Medium
NER_R01231,Sikkim,24.39422,94.559426,0.4620937623505121,Medium
NER_R06356,Manipur,29.327474,92.581312,0.46165694882188046,Medium
NER_R05194,Meghalaya,23.35605,89.243644,0.4614957349978811,Medium
NER_R04195,Mizoram,23.341468,89.255703,0.4614957349978811,Medium
NER_R03029,Sikkim,23.562606,91.183447,0.46128756907580903,Medium
NER_R05742,Sikkim,23.721712,93.723461,0.4601894494605252,Medium
NER_R10039,Tripura,25.346656,92.420691,0.4595550406856852,Medium
NER_R05418,Tripura,29.168425,93.324307,0.4585797680231931,Medium
NER_R08355,Assam,29.078943,93.378083,0.4585797680231931,Medium
NER_R00514,Nagaland,28.752245,88.480498,0.45788668148706313,Medium
NER_R09759,Manipur,28.123799,92.259806,0.4567483140773739,Medium
NER_R03013,Mizoram,28.104419,92.299364,0.4567483140773739,Medium
NER_R01907,Mizoram,24.06692,96.94924,0.45652545353401314,Medium
NER_R02080,Tripura,24.802874,93.378402,0.45598865165346564,Medium
NER_R08766,Tripura,22.2339,94.460025,0.45502557927235127,Medium
NER_R02745,Mizoram,26.652314,90.018626,0.4546498141972672,Medium
NER_R07870,Meghalaya,29.148761,92.29951,0.4530096284303058,Medium
NER_R10670,Tripura,26.136834,94.991745,0.4527193863204848,Medium
NER_R06203,Manipur,29.353191,93.321717,0.4524262816982516,Medium
NER_R01661,Manipur,29.283406,89.117708,0.4523911148464579,Medium
NER_R03634,Tripura,22.343148,95.625784,0.45220019917010423,Medium
NER_R04409,Tripura,22.123795,89.343331,0.4511588790766061,Medium
NER_R09321,Assam,25.406956,92.731735,0.4505951956366792,Medium
NER_R08259,Tripura,25.992233,97.053067,0.450070759407154,Medium
NER_R11021,Sikkim,27.571698,93.883197,0.4495989609454427,Medium
NER_R09871,Arunachal Pradesh,22.369675,90.104742,0.44828321264810567,Medium
NER_R10699,Meghalaya,29.212999,90.568424,0.44822605147316597,Medium
NER_R04825,Mizoram,22.704802,89.397637,0.44697734317490556,Medium
NER_R06389,Arunachal Pradesh,29.358387,92.78038,0.4468985717148647,Medium
NER_R04487,Tripura,29.027484,91.243392,0.4467669822356113,Medium
NER_R02224,Mizoram,28.038354,90.200311,0.44644805979195906,Medium
NER_R11438,Meghalaya,22.405749,91.549938,0.44633699921837555,Medium
NER_R09437,Mizoram,28.273689,97.161288,0.4458834338156322,Medium
NER_R04607,Manipur,28.122425,92.753463,0.44414502910270004,Medium
NER_R03291,Sikkim,29.154146,96.699847,0.44322016301478423,Medium
NER_R06073,Arunachal Pradesh,25.320453,93.508038,0.44277058986576046,Medium
NER_R05474,Meghalaya,25.696969,89.64401,0.44275622844915385,Medium
NER_R00602,Tripura,25.874416,96.680313,0.4419588260621397,Medium
NER_R05835,Mizoram,23.854003,96.822229,0.44166935303613514,Medium
NER_R02169,Nagaland,25.150397,91.207052,0.4416045695222468,Medium
NER_R09579,Assam,25.759842,88.220425,0.44119233147528303,Medium
NER_R03236,Nagaland,23.118087,91.310108,0.44111242654151184,Medium
NER_R03038,Meghalaya,23.129626,91.357388,0.44111242654151184,Medium
NER_R03406,Sikkim,29.280956,93.381094,0.4406190511904785,Medium
NER_R02811,Mizoram,25.10709,88.616743,0.44047170476663766,Medium
NER_R05382,Meghalaya,25.876149,96.192269,0.4396166891980014,Medium
NER_R03412,Sikkim,24.101906,94.2731,0.43951228626314537,Medium
NER_R11887,Arunachal Pradesh,22.865815,93.436185,0.43804855436282,Medium
NER_R07314,Assam,28.858728,95.440634,0.4369624739673613,Medium
NER_R09905,Arunachal Pradesh,22.720758,92.717106,0.43667858851546515,Medium
NER_R11073,Manipur,25.47511,92.833607,0.43660377479623835,Medium
NER_R01853,Nagaland,22.016837,90.058006,0.4364011853783967,Medium
NER_R05778,Manipur,24.279507,88.576267,0.43624191199635143,Medium
NER_R04789,Tripura,26.98595,95.443208,0.4362092873991772,Medium
NER_R05161,Nagaland,29.013982,95.868626,0.43617711173232543,Medium
NER_R04172,Manipur,25.41418,92.173814,0.43575470539014727,Medium
NER_R08873,Assam,26.201018,95.484946,0.43510409668441263,Medium
NER_R11743,Mizoram,26.986523,95.662096,0.43481574861370453,Medium
NER_R10712,Tripura,23.257614,90.973901,0.4346476101964267,Medium
NER_R01684,Assam,28.885915,91.584902,0.4346401985668978,Medium
NER_R05075,Mizoram,25.495697,93.830395,0.4346331392188252,Medium
NER_R08313,Sikkim,29.375852,96.249447,0.43433876644664904,Medium
NER_R02157,Meghalaya,25.170419,91.910412,0.4341147872434782,Medium
NER_R10250,Tripura,22.734988,94.951007,0.4336109371438453,Medium
NER_R02826,Nagaland,23.920845,93.445563,0.4330046039732367,Medium
NER_R00328,Sikkim,22.874529,97.325649,0.4314382932096782,Medium
NER_R08775,Assam,22.768522,91.107699,0.43122702362073595,Medium
NER_R05348,Assam,23.365639,92.483383,0.43108836787029325,Medium
NER_R05242,Arunachal Pradesh,24.784233,89.6775,0.4308386058031231,Medium
NER_R04809,Nagaland,23.941551,96.594557,0.4299382746552658,Medium
NER_R06031,Assam,29.158599,97.438679,0.42851166189188716,Medium
NER_R08315,Tripura,28.284605,89.117291,0.42839297904817875,Medium
NER_R07071,Meghalaya,23.404845,90.506884,0.4280059241133234,Medium
NER_R04571,Meghalaya,23.383601,96.669002,0.4279170062505047,Medium
NER_R07722,Tripura,23.072347,92.03892,0.4275412011965118,Medium
NER_R04563,Assam,28.584975,95.276051,0.4253599388586978,Medium
NER_R02103,Mizoram,23.967114,92.993348,0.4250259956642888,Medium
NER_R02872,Nagaland,26.006904,96.983143,0.4246572675633354,Medium
NER_R07093,Sikkim,24.344935,91.401856,0.42463895706606997,Medium
NER_R07732,Meghalaya,26.549681,89.210079,0.4242497163795399,Medium
NER_R05026,Mizoram,27.607559,97.247002,0.4237576838536726,Medium
NER_R05546,Nagaland,24.971639,91.849203,0.4234668042461882,Medium
NER_R02830,Mizoram,29.447334,93.599334,0.4221849355410124,Medium
NER_R01028,Manipur,26.446723,95.988771,0.4219520244914284,Medium
NER_R08891,Sikkim,25.203792,91.685107,0.4209011476289477,Medium
NER_R02778,Sikkim,25.129359,93.254293,0.41973841335290657,Medium
NER_R07991,Mizoram,28.248514,91.855565,0.419608860290274,Medium
NER_R02133,Nagaland,28.154963,90.086641,0.418931115014893,Medium
NER_R10736,Nagaland,23.831585,94.883612,0.41852576438551464,Medium
NER_R08720,Nagaland,26.766407,93.989978,0.41789701097421766,Medium
NER_R10891,Meghalaya,25.017166,89.129967,0.41714336445121747,Medium
NER_R02906,Sikkim,28.984524,91.174222,0.4162142994508917,Medium
NER_R11162,Sikkim,28.708282,90.748115,0.41530059378843054,Medium
NER_R11409,Manipur,23.693833,92.241206,0.4146164179022097,Medium
NER_R07813,Tripura,24.190678,97.099787,0.4143697262201923,Medium
NER_R00878,Arunachal Pradesh,29.425859,90.393343,0.4142651161287351,Medium
NER_R04176,Sikkim,26.62869,92.584073,0.41359921234131974,Medium
NER_R03336,Assam,26.771607,88.665589,0.41318765336554986,Medium
NER_R08449,Manipur,22.453671,89.547546,0.4119555438808221,Medium
NER_R03168,Assam,23.225305,96.908858,0.41106666979888884,Medium
NER_R06937,Mizoram,27.299858,93.381817,0.40969584354742505,Medium
NER_R06175,Assam,26.583301,90.845602,0.4096221159618317,Medium
NER_R11484,Manipur,26.930836,97.201014,0.409611168019627,Medium
NER_R02421,Assam,24.748046,94.224683,0.4087005748628296,Medium
NER_R03769,Sikkim,24.734489,94.21573,0.4087005748628296,Medium
NER_R02137,Nagaland,23.51407,93.323298,0.40866317321715645,Medium
NER_R03468,Arunachal Pradesh,24.432494,89.272295,0.408601444530996,Medium
NER_R07016,Sikkim,26.191742,90.033545,0.40836657856704073,Medium
NER_R07401,Assam,25.60727,91.250793,0.40806290851797067,Medium
NER_R07829,Meghalaya,23.927688,88.246052,0.4077175115813986,Medium
NER_R06552,Nagaland,27.662234,90.430373,0.40736904670509366,Medium
NER_R09029,Assam,29.49607,97.427916,0.4073650443432174,Medium
NER_R04425,Meghalaya,21.667617,91.298654,0.40615503543582443,Medium
NER_R04536,Manipur,27.391517,96.498949,0.40567616372469595,Medium
NER_R08070,Sikkim,28.597574,94.447367,0.40541559906660296,Medium
NER_R06290,Meghalaya,24.831274,95.717402,0.40439179904307776,Medium
NER_R00166,Assam,25.017292,97.136898,0.40419360755908873,Medium
NER_R04096,Assam,26.274626,89.855515,0.40368766320607335,Medium
NER_R09962,Sikkim,24.904675,92.872488,0.40185481246849175,Medium
NER_R01001,Nagaland,24.592463,91.593431,0.40101381764420707,Medium
NER_R10890,Mizoram,23.075745,92.141382,0.4008607495474228,Medium
NER_R06623,Arunachal Pradesh,24.25262,93.56074,0.4003490157625874,Medium
NER_R01245,Sikkim,29.457234,89.619905,0.4000950400229841,Medium
NER_R08480,Meghalaya,27.368899,93.430231,0.39934352508711063,Medium
NER_R10173,Meghalaya,29.093925,88.916628,0.3984781421921426,Medium
NER_R01930,Manipur,29.101347,88.945172,0.3984781421921426,Medium
NER_R01288,Nagaland,23.397555,96.062893,0.3983583857607409,Medium
NER_R00691,Arunachal Pradesh,25.904033,91.187795,0.3977773318628355,Medium
NER_R10689,Arunachal Pradesh,25.046292,88.498836,0.39743294871399726,Medium
NER_R00772,Mizoram,27.775692,94.392774,0.39686156271159906,Medium
NER_R09585,Tripura,24.026718,97.423808,0.396373170617382,Medium
NER_R07307,Mizoram,26.425871,91.760336,0.3956683136805015,Medium
NER_R00938,Mizoram,28.732654,96.541707,0.3954674694008499,Medium
NER_R09176,Mizoram,26.947819,93.554147,0.39430321185022627,Medium
NER_R02616,Meghalaya,22.462613,96.019028,0.3937769766277831,Medium
NER_R09627,Tripura,24.843904,96.816485,0.39354534107344485,Medium
NER_R01081,Manipur,25.551174,96.702798,0.3932845141792254,Medium
NER_R10672,Nagaland,23.243145,92.179121,0.39318166836954777,Medium
NER_R10486,Sikkim,24.777417,95.577237,0.3931089788000661,Medium
NER_R07475,Arunachal Pradesh,24.900935,93.042259,0.3927692843905728,Medium
NER_R08580,Meghalaya,25.151013,93.471358,0.3926009278191134,Medium
NER_R01776,Tripura,25.663138,94.412602,0.3918559450019206,Medium
NER_R05023,Nagaland,23.715842,89.097478,0.39182036234515016,Medium
NER_R07892,Assam,23.782555,89.05193,0.39182036234515016,Medium
NER_R05030,Mizoram,22.637147,97.343214,0.3914170534802306,Medium
NER_R01375,Manipur,27.161235,88.707536,0.3906038509700937,Medium
NER_R09844,Tripura,27.146744,88.673811,0.3906038509700937,Medium
NER_R04145,Tripura,29.271936,93.974434,0.39017094613852576,Medium
NER_R09506,Mizoram,24.630387,96.098088,0.39014021070895366,Medium
NER_R03312,Assam,28.499762,88.748732,0.39010178511890514,Medium
NER_R00370,Sikkim,28.218864,95.766138,0.38991619708618436,Medium
NER_R00446,Manipur,22.64525,97.488414,0.38848880211122827,Medium
NER_R07295,Arunachal Pradesh,23.146164,96.412835,0.38844358257070855,Medium
NER_R08654,Sikkim,28.609145,97.117282,0.3883436486954641,Medium
NER_R04516,Tripura,28.534149,97.125383,0.3883436486954641,Medium
NER_R08047,Assam,25.79043,96.41658,0.38823680100399327,Medium
NER_R00952,Meghalaya,22.537203,91.75043,0.38809694368417724,Medium
NER_R09933,Meghalaya,25.67013,96.867483,0.38560547302511516,Medium
NER_R08360,Assam,24.201028,89.610291,0.38509220625133733,Medium
NER_R11111,Arunachal Pradesh,24.301331,88.821547,0.38458370461196817,Medium
NER_R05881,Assam,26.443644,90.422768,0.3844199910753552,Medium
NER_R04253,Mizoram,26.416149,90.37414,0.3844199910753552,Medium
NER_R02511,Meghalaya,22.931604,91.857934,0.3841665980087601,Medium
NER_R02786,Tripura,22.565749,93.934227,0.38396284957520266,Medium
NER_R05016,Assam,23.516375,95.245952,0.3837413779010661,Medium
NER_R05896,Manipur,24.604392,88.93247,0.3825388586335178,Medium
NER_R09100,Arunachal Pradesh,25.213114,89.933326,0.3822882499743171,Medium
NER_R08726,Mizoram,25.646238,96.361807,0.38200634761923435,Medium
NER_R09636,Manipur,27.370575,94.974481,0.38191898852155737,Medium
NER_R05588,Mizoram,28.946659,92.364656,0.38122109201782006,Medium
NER_R01488,Assam,22.93021,90.400329,0.381144668815341,Medium
NER_R10575,Manipur,22.912233,95.420161,0.3809805275114372,Medium
NER_R02866,Sikkim,22.216611,91.676451,0.3806576883910712,Medium
NER_R02509,Meghalaya,23.149111,92.982059,0.38059280554810515,Medium
NER_R04824,Arunachal Pradesh,27.488686,90.767477,0.38039313547627573,Medium
NER_R08714,Manipur,25.280559,91.779709,0.3791261998335325,Medium
NER_R07872,Sikkim,25.385079,91.78762,0.3791261998335325,Medium
NER_R05477,Sikkim,23.981971,90.511367,0.37854783275984627,Medium
NER_R02367,Nagaland,28.986502,92.691876,0.3778713340282786,Medium
NER_R06314,Sikkim,23.822053,96.784236,0.3770353118638353,Medium
NER_R10831,Tripura,27.630784,90.843127,0.3764702104985874,Medium
NER_R09704,Tripura,22.870526,89.26456,0.375570865956258,Medium
NER_R03890,Meghalaya,22.944057,95.788122,0.3754603667917136,Medium
NER_R10525,Mizoram,22.427198,91.761578,0.3753781721896181,Medium
NER_R10863,Sikkim,23.645637,90.759631,0.3749434159523438,Medium
NER_R09077,Tripura,26.49873,92.207595,0.37453785500921977,Medium
NER_R00004,Sikkim,27.233798,90.080295,0.37301816287063805,Medium
NER_R01823,Meghalaya,29.007375,91.340779,0.37244004923858476,Medium
NER_R05773,Mizoram,26.374851,90.410203,0.3724062373139644,Medium
NER_R11749,Arunachal Pradesh,28.042883,88.070429,0.3721559039900654,Medium
NER_R03302,Meghalaya,28.016103,88.07988,0.3721559039900654,Medium
NER_R07777,Assam,28.130334,91.428873,0.3713278109990772,Medium
NER_R01361,Nagaland,21.965224,96.66419,0.37122701111198,Medium
NER_R07634,Arunachal Pradesh,24.890988,90.003401,0.3709914450140712,Medium
NER_R08326,Sikkim,24.873232,90.053412,0.3709914450140712,Medium
NER_R02398,Manipur,24.834725,90.033381,0.3709914450140712,Medium
NER_R08758,Sikkim,27.732572,94.243718,0.369416916004788,Medium
NER_R02637,Manipur,29.270359,92.915445,0.3685682120210045,Medium
NER_R09703,Sikkim,28.052551,96.688877,0.3678755135123979,Medium
NER_R08477,Nagaland,26.649912,89.884454,0.36716759040123736,Medium
NER_R01335,Meghalaya,27.006826,95.475196,0.36700781304470936,Medium
NER_R00259,Tripura,27.626928,92.396477,0.3658747265439264,Medium
NER_R08959,Sikkim,25.122044,93.681211,0.3658111792487283,Medium
NER_R06592,Meghalaya,26.438351,90.931838,0.36523256656975694,Medium
NER_R03046,Manipur,27.579867,93.256941,0.36505624506725115,Medium
NER_R09457,Nagaland,25.533759,89.149512,0.363802590166882,Medium
NER_R05440,Tripura,26.71072,97.021992,0.3637903235450417,Medium
NER_R07495,Arunachal Pradesh,22.092037,88.536112,0.36320409345854504,Medium
NER_R06170,Nagaland,26.367064,91.763167,0.3620623102749527,Medium
NER_R09366,Mizoram,27.320525,93.612423,0.3619950681816896,Medium
NER_R02757,Assam,26.114558,96.778614,0.3607900495298225,Medium
NER_R01773,Assam,21.69545,93.968374,0.36076068345198087,Medium
NER_R09233,Meghalaya,21.705857,93.945972,0.36076068345198087,Medium
NER_R03132,Sikkim,21.609951,93.985972,0.36076068345198087,Medium
NER_R09972,Meghalaya,27.799029,88.654864,0.36070947885456117,Medium
NER_R07444,Assam,24.467389,94.586308,0.36059262995419633,Medium
NER_R08146,Nagaland,22.261745,97.414199,0.3602113270852457,Medium
NER_R11062,Sikkim,22.699531,96.553032,0.35850620747224865,Medium
NER_R06019,Meghalaya,23.540691,96.342603,0.3574958775816568,Medium
NER_R11707,Assam,25.578465,95.621606,0.3570537966049351,Medium
NER_R05524,Meghalaya,22.239152,89.022768,0.3563519652403975,Medium
NER_R07954,Sikkim,24.223937,88.43889,0.355850641848407,Medium
NER_R04717,Tripura,23.460952,92.444211,0.3556987114342538,Medium
NER_R09643,Sikkim,27.555175,90.777181,0.35552672533527174,Medium
NER_R08598,Sikkim,24.860278,91.908431,0.3552767316685987,Medium
NER_R04020,Meghalaya,23.67435,95.304303,0.3536318754233338,Medium
NER_R00790,Sikkim,24.967029,96.582711,0.3535509491641238,Medium
NER_R11898,Sikkim,23.7465,93.684715,0.3528402358884217,Medium
NER_R09580,Arunachal Pradesh,21.651731,95.546152,0.3517918486490902,Medium
NER_R08629,Sikkim,21.702894,95.655086,0.3517918486490902,Medium
NER_R11854,Assam,23.306571,95.847578,0.35125397989492124,Medium
NER_R07435,Tripura,27.554794,92.79799,0.35095008257923954,Medium
NER_R05186,Nagaland,26.444581,93.477533,0.3509472465794573,Medium
NER_R00506,Assam,27.658864,89.41716,0.350795781043282,Medium
NER_R00741,Sikkim,25.527233,89.90078,0.3500611453176626,Medium
NER_R01927,Mizoram,29.12256,95.344464,0.34937318570343706,Medium
NER_R07008,Mizoram,23.458343,93.992,0.3493132509542804,Medium
NER_R06394,Tripura,22.330001,92.68082,0.3493034666744208,Medium
NER_R00153,Assam,24.960516,95.969855,0.34913696908467695,Medium
NER_R01593,Meghalaya,22.813765,94.811665,0.3489932675355398,Medium
NER_R01443,Meghalaya,22.803492,94.748163,0.3489932675355398,Medium
NER_R05271,Mizoram,25.588722,92.790987,0.3486206956832245,Medium
NER_R04090,Meghalaya,25.594359,92.777641,0.3486206956832245,Medium
NER_R11251,Arunachal Pradesh,24.487522,89.89115,0.3482714256377687,Medium
NER_R06332,Tripura,23.066986,91.754333,0.3480640822121496,Medium
NER_R02578,Mizoram,26.882326,92.691828,0.3477043210146875,Medium
NER_R09416,Mizoram,21.731105,92.423848,0.3475153836819298,Medium
NER_R05687,Assam,21.900843,92.427711,0.3475153836819298,Medium
NER_R07259,Meghalaya,21.894832,92.44973,0.3475153836819298,Medium
NER_R11382,Sikkim,27.185881,89.701522,0.3466648537930115,Medium
NER_R11879,Nagaland,24.344763,88.686669,0.34654882246102703,Medium
NER_R04707,Meghalaya,25.957988,90.744918,0.34615451133471287,Medium
NER_R00724,Assam,27.952362,95.353583,0.34587734426006866,Medium
NER_R04207,Meghalaya,24.628551,94.588637,0.34587686687108965,Medium
NER_R10299,Mizoram,22.660097,90.444576,0.3449854673835935,Medium
NER_R05314,Meghalaya,22.622258,90.527989,0.3449854673835935,Medium
NER_R10064,Assam,23.310099,95.116295,0.3443707995822093,Medium
NER_R11870,Nagaland,22.335015,92.035503,0.3437847834301545,Medium
NER_R08105,Assam,25.85408,88.06006,0.34346670390221007,Medium
NER_R09799,Mizoram,28.165707,96.132168,0.3433414841128942,Medium
NER_R05131,Sikkim,28.216844,96.133627,0.3433414841128942,Medium
NER_R02299,Manipur,28.336686,89.70233,0.3426610447851008,Medium
NER_R08122,Sikkim,24.368177,88.081878,0.3423902734204882,Medium
NER_R03368,Arunachal Pradesh,27.688138,94.8607,0.3419328170927026,Medium
NER_R09216,Manipur,28.193098,90.984268,0.34181935979710765,Medium
NER_R11973,Assam,23.538792,89.729223,0.34176376896575567,Medium
NER_R04799,Meghalaya,27.840248,96.657173,0.3413452727838222,Medium
NER_R01630,Nagaland,26.72008,94.127668,0.3412887456888748,Medium
NER_R06079,Mizoram,27.489951,92.734287,0.34114644034720737,Medium
NER_R00362,Assam,26.54191,89.700275,0.3403207926237452,Medium
NER_R03736,Arunachal Pradesh,25.176928,93.733928,0.34017937152434774,Medium
NER_R11059,Sikkim,23.984294,96.706162,0.33892705115277527,Medium
NER_R08789,Manipur,22.759314,91.436643,0.3381357419949394,Medium
NER_R03232,Arunachal Pradesh,22.255871,94.750578,0.33809704434631294,Medium
NER_R10756,Mizoram,26.530792,95.867118,0.3379238331690936,Medium
NER_R02576,Nagaland,26.375263,88.057911,0.3372950474665883,Medium
NER_R11009,Arunachal Pradesh,24.419364,95.241273,0.3366546738418694,Medium
NER_R10825,Meghalaya,24.387852,95.233156,0.3366546738418694,Medium
NER_R06456,Sikkim,21.736673,93.310236,0.3353767085620626,Medium
NER_R03098,Mizoram,21.960214,93.248087,0.3353767085620626,Medium
NER_R10369,Mizoram,21.995042,93.258126,0.3353767085620626,Medium
NER_R10702,Mizoram,21.679261,93.252257,0.3353767085620626,Medium
NER_R00834,Meghalaya,28.540614,89.010484,0.33528717446858536,Medium
NER_R07962,Manipur,28.56883,88.994747,0.33528717446858536,Medium
NER_R10059,Assam,22.253794,92.187676,0.3352369001950598,Medium
NER_R09536,Mizoram,22.690211,91.152807,0.33484125207533333,Medium
NER_R05438,Manipur,24.106543,93.642851,0.33420521214772647,Medium
NER_R05978,Tripura,29.405982,88.380722,0.3339108575399756,Medium
NER_R10537,Mizoram,26.000964,88.421261,0.3337798988456234,Medium
NER_R10526,Meghalaya,25.839601,97.430063,0.3335936537031283,Medium
NER_R03262,Meghalaya,24.481814,96.721082,0.33317786534914595,Medium
NER_R01118,Mizoram,22.940399,95.649707,0.3324844837234725,Medium
NER_R09644,Arunachal Pradesh,23.860562,91.383725,0.33231974433282596,Medium
NER_R02800,Assam,26.32093,89.528952,0.33221220778973715,Medium
NER_R07254,Mizoram,27.003936,96.072006,0.3319747489989065,Medium
NER_R04199,Sikkim,26.500429,90.796866,0.33183714064886494,Medium
NER_R06840,Sikkim,28.641992,94.559139,0.33118746005026245,Medium
NER_R00103,Arunachal Pradesh,22.602284,89.103937,0.3307925427219624,Medium
NER_R08478,Nagaland,28.879188,91.010447,0.3306478110990513,Medium
NER_R03918,Meghalaya,28.91969,90.946343,0.3306478110990513,Medium
NER_R07739,Tripura,26.437775,90.835162,0.3305829098232782,Medium
NER_R10658,Mizoram,28.10717,96.716289,0.3301194026679706,Medium
NER_R10119,Arunachal Pradesh,26.956615,88.088592,0.3294293920364366,Medium
NER_R07940,Meghalaya,22.869486,95.092098,0.3292869553472437,Medium
NER_R07022,Meghalaya,23.11566,95.106367,0.32905053465810197,Medium
NER_R03809,Assam,22.67931,94.393508,0.32892705729859084,Medium
NER_R01620,Mizoram,27.887169,90.638625,0.3283638632551645,Medium
NER_R06413,Sikkim,27.951203,90.573505,0.3283638632551645,Medium
NER_R10458,Arunachal Pradesh,21.743428,88.651174,0.32777786616834437,Medium
NER_R08618,Meghalaya,21.925818,88.564999,0.32777786616834437,Medium
NER_R00663,Mizoram,24.711505,96.962877,0.327263633000095,Medium
NER_R08226,Nagaland,22.272972,89.517672,0.3263391030001155,Medium
NER_R09208,Sikkim,22.388208,93.07801,0.3256901055409266,Medium
NER_R04018,Assam,25.004838,96.013031,0.32564144530219896,Medium
NER_R10755,Manipur,23.198293,95.814749,0.3246071749467143,Medium
NER_R05118,Assam,26.689464,90.187971,0.3242936286909876,Medium
NER_R00786,Assam,26.706707,90.277638,0.3242936286909876,Medium
NER_R09017,Nagaland,27.124576,93.81107,0.32425851261272487,Medium
NER_R04407,Assam,26.701379,91.846845,0.32409454920071995,Medium
NER_R10558,Arunachal Pradesh,25.487823,93.419384,0.3238681659778287,Medium
NER_R09554,Tripura,21.656829,92.938712,0.3223608284551437,Medium
NER_R01273,Manipur,21.850776,92.978241,0.3223608284551437,Medium
NER_R04554,Assam,25.511526,91.177835,0.3222925633423134,Medium
NER_R05908,Nagaland,25.65185,93.809287,0.3218777885956292,Medium
NER_R00529,Arunachal Pradesh,25.651964,93.810532,0.3218777885956292,Medium
NER_R06215,Arunachal Pradesh,28.607409,91.665952,0.3207617028854669,Medium
NER_R00711,Sikkim,28.09869,97.350673,0.32068271001835164,Medium
NER_R01737,Mizoram,25.728121,97.254443,0.3203454608374777,Medium
NER_R05490,Assam,26.634017,89.280076,0.3198519926878093,Medium
NER_R04496,Mizoram,27.184233,97.303993,0.3195676819645914,Medium
NER_R08241,Meghalaya,23.741393,91.32572,0.3189495536719723,Medium
NER_R02590,Sikkim,25.622995,89.305703,0.3182340856440139,Medium
NER_R07147,Assam,23.257501,91.355903,0.3180773385183383,Medium
NER_R01290,Assam,27.356958,90.05551,0.3177648130375257,Medium
NER_R00284,Sikkim,25.304561,92.213439,0.3177321112866473,Medium
NER_R03586,Sikkim,21.640422,93.867483,0.31764894656085807,Medium
NER_R08375,Manipur,22.939314,88.482147,0.3163884596186246,Medium
NER_R09887,Manipur,22.054306,90.97706,0.3163759291560504,Medium
NER_R05408,Arunachal Pradesh,27.878513,96.930252,0.31583499545727284,Medium
NER_R01032,Tripura,25.939155,96.661769,0.31504944295897286,Medium
NER_R06909,Sikkim,25.402424,91.254083,0.3140721716336079,Medium
NER_R09948,Nagaland,23.673334,95.352512,0.3134107587235543,Medium
NER_R07420,Mizoram,28.715452,91.470869,0.3129611226705735,Medium
NER_R07862,Assam,21.501559,88.793722,0.31287010479332994,Medium
NER_R01849,Assam,21.579037,88.738479,0.31287010479332994,Medium
NER_R00406,Meghalaya,21.905163,88.804784,0.31287010479332994,Medium
NER_R08554,Manipur,21.980707,88.824893,0.31287010479332994,Medium
NER_R10392,Sikkim,21.537245,88.822029,0.31287010479332994,Medium
NER_R00747,Manipur,21.531408,88.7799,0.31287010479332994,Medium
NER_R07697,Nagaland,27.056196,95.58743,0.31245402274527795,Medium
NER_R11434,Manipur,28.980246,97.024078,0.3115177264522426,Medium
NER_R08342,Sikkim,28.957095,97.056434,0.3115177264522426,Medium
NER_R05386,Mizoram,22.122282,92.04602,0.3114560550812181,Medium
NER_R06328,Sikkim,21.979297,97.405076,0.3110509585657445,Medium
NER_R11640,Mizoram,26.417005,92.812016,0.30923362677989985,Medium
NER_R09987,Mizoram,26.029696,88.707136,0.30802599221228455,Medium
NER_R11223,Nagaland,23.171365,90.124643,0.3077344781533642,Medium
NER_R05955,Tripura,25.556214,96.176004,0.30686944978886255,Medium
NER_R10612,Meghalaya,27.947523,88.406929,0.30650265283063094,Medium
NER_R11805,Sikkim,24.086407,90.178022,0.3064803610775446,Medium
NER_R09790,Assam,25.474097,93.95649,0.30456530965348216,Medium
NER_R03435,Tripura,24.104144,94.481573,0.3044013755228221,Medium
NER_R02679,Sikkim,24.738657,96.860964,0.30394191769608964,Medium
NER_R01621,Mizoram,27.703316,93.735234,0.3025142501274979,Medium
NER_R02495,Mizoram,27.281926,88.56946,0.3024784512019273,Medium
NER_R06594,Assam,27.817556,90.379985,0.3015202765344911,Medium
NER_R09408,Nagaland,23.540931,89.237684,0.30094460808636203,Medium
NER_R05507,Assam,29.29443,95.80598,0.3007490513290825,Medium
NER_R03386,Nagaland,24.60708,90.460083,0.30055175868219386,Medium
NER_R03147,Arunachal Pradesh,24.648112,90.453447,0.30055175868219386,Medium
NER_R09801,Arunachal Pradesh,22.199015,94.545588,0.298935842583957,Medium
NER_R03803,Nagaland,25.222714,89.89074,0.2986618462065019,Medium
NER_R02920,Nagaland,23.286883,88.888471,0.29711797549947616,Medium
NER_R10347,Assam,23.608713,97.458917,0.296140900360436,Medium
NER_R08485,Assam,26.260771,95.972484,0.2960515075139406,Medium
NER_R09723,Arunachal Pradesh,24.729926,90.53174,0.2947381153609401,Medium
NER_R09805,Nagaland,24.657205,90.529457,0.2947381153609401,Medium
NER_R00776,Mizoram,27.466257,93.154581,0.2935686385254433,Medium
NER_R04982,Manipur,28.061153,90.109046,0.29220979800768243,Medium
NER_R11322,Assam,27.573662,89.083861,0.2906953871096051,Medium
NER_R00474,Meghalaya,24.966736,89.254827,0.2905982046802379,Medium
NER_R09115,Arunachal Pradesh,28.960964,93.524597,0.29017493128553856,Medium
NER_R07823,Manipur,27.075549,92.966522,0.28990188230404873,Medium
NER_R03745,Manipur,23.841999,97.015077,0.2888001476419711,Medium
NER_R09448,Arunachal Pradesh,23.865673,89.309163,0.28854672311981977,Medium
NER_R06556,Meghalaya,21.835485,97.211099,0.28750416258349254,Medium
NER_R05230,Meghalaya,22.132261,95.199391,0.28747187624620196,Medium
NER_R04410,Nagaland,25.712212,89.498536,0.2871052892240194,Medium
NER_R03660,Manipur,27.512509,96.972674,0.28501947076096135,Medium
NER_R04217,Arunachal Pradesh,21.968952,90.28848,0.28420437783360986,Medium
NER_R02012,Mizoram,21.762902,90.357576,0.28420437783360986,Medium
NER_R01478,Tripura,21.858867,90.343497,0.28420437783360986,Medium
NER_R00967,Mizoram,21.676129,90.213037,0.28420437783360986,Medium
NER_R02961,Manipur,28.337797,95.345804,0.2833162221049581,Medium
NER_R04026,Manipur,22.274496,89.45961,0.28325089195647346,Medium
NER_R09346,Meghalaya,27.271925,95.781634,0.28249062662834523,Medium
NER_R04265,Assam,27.10642,88.570617,0.2823082559809036,Medium
NER_R03160,Manipur,21.769151,96.648952,0.2807268177625571,Medium
NER_R05531,Arunachal Pradesh,21.516652,96.639549,0.2807268177625571,Medium
NER_R04250,Mizoram,21.729054,96.684867,0.2807268177625571,Medium
NER_R07776,Mizoram,21.779309,96.708383,0.2807268177625571,Medium
NER_R11325,Manipur,26.349342,96.644096,0.279731013431639,Medium
NER_R01510,Meghalaya,27.254171,91.395428,0.279670746531261,Medium
NER_R10947,Assam,25.974064,96.365657,0.27951171810653086,Medium
NER_R09171,Arunachal Pradesh,25.202718,94.833349,0.27922728789607404,Medium
NER_R06447,Assam,25.015935,93.445181,0.2785219476172822,Medium
NER_R07452,Nagaland,26.959597,94.604328,0.2783855568363315,Medium
NER_R01687,Meghalaya,25.149944,90.166659,0.2782551630530299,Medium
NER_R04509,Tripura,22.9624,95.612128,0.2780284122269847,Medium
NER_R11637,Arunachal Pradesh,23.76124,89.585359,0.2774731046968565,Medium
NER_R01126,Tripura,26.266928,93.810092,0.27722537374228023,Medium
NER_R11345,Assam,22.519763,90.234757,0.2771330213964199,Medium
NER_R01782,Tripura,26.468981,90.667494,0.2760395187503193,Medium
NER_R08653,Manipur,23.11164,92.182655,0.2752567982442079,Medium
NER_R00751,Tripura,21.904887,88.374066,0.2750570865415329,Medium
NER_R09193,Tripura,29.076954,94.216275,0.27381448545289994,Medium
NER_R08869,Sikkim,26.181778,96.088323,0.2738070175880004,Medium
NER_R11137,Mizoram,28.10971,94.207864,0.27359350031986823,Medium
NER_R03117,Mizoram,24.883253,89.121056,0.27311816878659667,Medium
NER_R06517,Mizoram,25.369629,96.934835,0.2729893793049645,Medium
NER_R01072,Arunachal Pradesh,25.066574,91.810604,0.27261834437797117,Medium
NER_R06424,Sikkim,27.794962,89.387927,0.27217618252685416,Medium
NER_R03802,Meghalaya,24.938199,94.986206,0.27138622119043454,Medium
NER_R10121,Sikkim,24.909267,95.031847,0.27138622119043454,Medium
NER_R05376,Manipur,25.820747,96.793339,0.2712411926869892,Medium
NER_R04186,Meghalaya,24.465709,96.823237,0.271216635275799,Medium
NER_R04065,Manipur,27.245936,92.766944,0.27093216109771656,Medium
NER_R04617,Tripura,28.499295,92.448584,0.27071629854361823,Medium
NER_R04162,Arunachal Pradesh,22.50888,96.287501,0.2702787308757142,Medium
NER_R07282,Sikkim,24.132874,97.04163,0.269891092687237,Medium
NER_R00171,Tripura,27.0485,96.46086,0.2693905649349114,Medium
NER_R11669,Manipur,28.864184,91.518186,0.2693817761467385,Medium
NER_R03151,Assam,27.124229,89.773403,0.269307661454092,Medium
NER_R07387,Manipur,26.713328,90.783802,0.26925241080935725,Medium
NER_R07719,Tripura,23.992875,88.22357,0.2689132549700533,Medium
NER_R04515,Sikkim,25.337494,96.059217,0.268534771177122,Medium
NER_R01665,Manipur,26.308776,96.279132,0.2685322830244846,Medium
NER_R09784,Assam,28.851317,90.809896,0.26846249615118356,Medium
NER_R07142,Sikkim,26.436138,93.83346,0.26820934711434535,Medium
NER_R07987,Mizoram,23.87002,88.23502,0.2679752745460355,Medium
NER_R08844,Arunachal Pradesh,21.851992,90.793088,0.266951094522739,Medium
NER_R10730,Arunachal Pradesh,27.555411,92.931449,0.26681602968419615,Medium
NER_R08160,Arunachal Pradesh,25.681491,96.082376,0.2666561264554639,Medium
NER_R04283,Arunachal Pradesh,28.606441,95.172682,0.2652281342142253,Medium
NER_R11683,Mizoram,26.002895,89.945385,0.26498648432533944,Medium
NER_R09140,Meghalaya,24.513578,93.673431,0.2644849462378859,Medium
NER_R07301,Tripura,25.988899,94.188682,0.2641607128123242,Medium
NER_R04697,Manipur,22.110348,89.177429,0.264158862270858,Medium
NER_R02598,Mizoram,25.458713,94.627506,0.2637013003441425,Medium
NER_R11304,Arunachal Pradesh,25.441565,94.600217,0.2637013003441425,Medium
NER_R05670,Sikkim,26.727186,94.288658,0.26319752036587885,Medium
NER_R05760,Tripura,21.979443,91.642143,0.262940188099032,Medium
NER_R08184,Tripura,21.954246,91.665577,0.262940188099032,Medium
NER_R08023,Mizoram,21.715638,91.670377,0.262940188099032,Medium
NER_R04196,Tripura,26.768052,96.864404,0.26285030127936865,Medium
NER_R09154,Meghalaya,26.137363,93.73709,0.2620662445737037,Medium
NER_R00222,Manipur,26.870672,93.441072,0.2618821731974891,Medium
NER_R02732,Arunachal Pradesh,25.54023,94.440785,0.2615164080933314,Medium
NER_R11437,Nagaland,26.736967,90.208811,0.2614218033813738,Medium
NER_R03481,Nagaland,25.092884,94.258963,0.2610889014235639,Medium
NER_R05817,Nagaland,24.242761,90.530184,0.2609642120608966,Medium
NER_R07062,Sikkim,24.936364,94.093199,0.2595052029604432,Medium
NER_R07511,Assam,24.974145,94.066436,0.2595052029604432,Medium
NER_R10646,Assam,24.919745,94.141499,0.2595052029604432,Medium
NER_R05154,Mizoram,24.931633,94.079898,0.2595052029604432,Medium
NER_R11413,Arunachal Pradesh,22.071522,96.074566,0.25884945394822956,Medium
NER_R02436,Meghalaya,26.376013,90.723254,0.25860191850089376,Medium
NER_R02017,Assam,27.434503,96.111593,0.25759930989625646,Medium
NER_R01372,Manipur,27.440561,96.088751,0.25759930989625646,Medium
NER_R05910,Sikkim,27.461823,96.131368,0.25759930989625646,Medium
NER_R11015,Assam,26.580153,91.206827,0.2561786588839767,Medium
NER_R03001,Tripura,27.680016,92.835652,0.2561363197311947,Medium
NER_R08796,Arunachal Pradesh,23.518171,94.662381,0.25612286425527,Medium
NER_R10958,Nagaland,23.944289,93.326484,0.2560244500370887,Medium
NER_R01965,Mizoram,22.809647,95.196681,0.25573039920678875,Medium
NER_R02567,Tripura,26.944991,90.659196,0.25509782266050807,Medium
NER_R11871,Meghalaya,27.144798,96.14352,0.254973005483805,Medium
NER_R05046,Mizoram,24.086585,90.473217,0.254205326120007,Medium
NER_R09983,Tripura,27.834622,94.463767,0.25365116539047194,Medium
NER_R11531,Assam,26.828188,89.682866,0.2529491514535115,Medium
NER_R04349,Meghalaya,23.756021,92.952975,0.25218281441857937,Medium
NER_R08089,Meghalaya,27.978885,95.0792,0.2521522228392026,Medium
NER_R03289,Arunachal Pradesh,22.262097,88.243969,0.25189919528692817,Medium
NER_R11433,Tripura,23.218788,93.269442,0.25093548598418014,Medium
NER_R11738,Sikkim,25.239298,91.396648,0.25052156751537524,Medium
NER_R07847,Manipur,26.301221,93.177249,0.2498751297702113,Low
NER_R10801,Nagaland,24.900643,91.381593,0.24974103185879515,Low
NER_R03536,Manipur,28.434262,96.881207,0.2497231307762362,Low
NER_R11704,Manipur,28.204285,89.270101,0.24911954379426937,Low
NER_R11972,Tripura,28.238193,89.241044,0.24911954379426937,Low
NER_R09040,Assam,29.236947,95.299789,0.2490989212113548,Low
NER_R05915,Nagaland,23.546584,91.439747,0.24898891758529726,Low
NER_R11795,Nagaland,28.689086,96.892788,0.24884868506767582,Low
NER_R11323,Nagaland,22.406993,97.49896,0.24681904072796068,Low
NER_R07727,Manipur,23.677593,95.000568,0.2466780701719234,Low
NER_R11904,Arunachal Pradesh,23.574598,92.642066,0.24645976718773266,Low
NER_R00932,Meghalaya,28.874676,92.343163,0.24640146511414085,Low
NER_R08468,Mizoram,29.493097,92.992817,0.24561792692007223,Low
NER_R10984,Nagaland,21.564585,91.60411,0.24553071729288198,Low
NER_R07993,Manipur,24.850958,89.243616,0.24543347965639786,Low
NER_R04980,Meghalaya,27.606223,97.34185,0.24529595898059184,Low
NER_R04084,Assam,24.104916,96.409994,0.24512739254229077,Low
NER_R10493,Sikkim,26.790657,89.232917,0.24511844243920825,Low
NER_R04465,Meghalaya,29.212166,95.012491,0.24440338371653872,Low
NER_R07476,Meghalaya,27.934868,93.407396,0.2437109228926864,Low
NER_R10745,Meghalaya,23.038341,90.910817,0.24368087062202626,Low
NER_R01650,Arunachal Pradesh,22.669323,94.359413,0.24351894185077996,Low
NER_R00720,Meghalaya,28.874042,95.234067,0.24237384119307093,Low
NER_R08532,Nagaland,25.254175,91.028187,0.24161953102167977,Low
NER_R03099,Arunachal Pradesh,25.325777,91.021662,0.24161953102167977,Low
NER_R09914,Nagaland,26.486464,89.082746,0.24106197048570605,Low
NER_R08994,Assam,27.359711,92.48569,0.2407232640104846,Low
NER_R08594,Manipur,27.330792,91.44548,0.2406523947073319,Low
NER_R09139,Mizoram,25.238362,88.879033,0.24022751864692737,Low
NER_R07885,Assam,25.158776,88.867926,0.24022751864692737,Low
NER_R00838,Mizoram,24.680126,96.128548,0.2396948688171931,Low
NER_R06908,Tripura,23.5319,93.762641,0.23954451531124699,Low
NER_R06617,Nagaland,22.921889,97.367633,0.23913411035038995,Low
NER_R08346,Manipur,22.943536,97.316236,0.23913411035038995,Low
NER_R01363,Assam,27.34349,90.851187,0.23874791224140207,Low
NER_R07302,Arunachal Pradesh,25.186962,91.098645,0.23850358534403188,Low
NER_R01195,Arunachal Pradesh,26.96938,93.984431,0.23819062396609442,Low
NER_R02564,Assam,27.851742,94.985318,0.2379810716972063,Low
NER_R02748,Assam,22.990137,96.963284,0.23784476385816905,Low
NER_R05047,Tripura,25.32847,92.650627,0.2367195506624129,Low
NER_R06609,Manipur,25.656714,93.513503,0.2360113504020458,Low
NER_R06183,Assam,25.067019,92.979177,0.23590119119363376,Low
NER_R07623,Sikkim,25.297992,90.432748,0.2343946397392825,Low
NER_R00262,Nagaland,23.912829,92.239079,0.2341516841173113,Low
NER_R02917,Manipur,27.017394,88.600675,0.23402667749111908,Low
NER_R11360,Tripura,27.421383,94.255889,0.23389229399596786,Low
NER_R11274,Assam,26.044316,91.496858,0.23236442303985094,Low
NER_R00104,Meghalaya,21.833798,88.477251,0.23198940448382757,Low
NER_R06284,Mizoram,21.997215,88.484639,0.23198940448382757,Low
NER_R01495,Nagaland,24.7279,89.230565,0.23166960410977785,Low
NER_R04159,Arunachal Pradesh,25.393349,88.969912,0.23128906851060496,Low
NER_R00598,Sikkim,21.59245,95.85576,0.23112085159772192,Low
NER_R00795,Assam,22.419065,94.96925,0.23052903617716125,Low
NER_R04865,Assam,22.365056,93.271535,0.23052841329045085,Low
NER_R00814,Meghalaya,22.068221,90.485101,0.229604620849456,Low
NER_R09623,Mizoram,22.08843,90.519713,0.229604620849456,Low
NER_R04907,Manipur,24.328426,95.700065,0.2292385684960222,Low
NER_R03045,Nagaland,28.456209,96.015293,0.2285360250270448,Low
NER_R04525,Arunachal Pradesh,27.494343,96.444093,0.22849532037774695,Low
NER_R01740,Manipur,24.521033,95.271831,0.22825544533433081,Low
NER_R00921,Mizoram,25.156965,93.608798,0.22781613822416247,Low
NER_R06734,Nagaland,22.503665,92.953058,0.2275963962189154,Low
NER_R00714,Meghalaya,27.988868,89.950384,0.2274908641807076,Low
NER_R07752,Arunachal Pradesh,25.954476,88.298675,0.22747917812099402,Low
NER_R00709,Tripura,29.236443,93.277416,0.22733265119735424,Low
NER_R07771,Tripura,23.135197,88.050848,0.22699647969486514,Low
NER_R07043,Meghalaya,25.715355,95.539085,0.22592204251829406,Low
NER_R06347,Tripura,29.088881,94.812619,0.22580847773779644,Low
NER_R10427,Assam,24.114396,89.131035,0.22543147361270133,Low
NER_R01157,Arunachal Pradesh,23.872174,88.490316,0.22516931987863445,Low
NER_R09990,Mizoram,28.016692,97.359848,0.22470991700292098,Low
NER_R11239,Tripura,25.334845,89.717082,0.22460103335657325,Low
NER_R05032,Sikkim,23.675647,88.721983,0.22410049308193486,Low
NER_R02487,Nagaland,24.210744,93.07941,0.22372756741126257,Low
NER_R01583,Mizoram,27.508564,91.96131,0.22324167493294803,Low
NER_R11814,Arunachal Pradesh,27.495216,91.990464,0.22324167493294803,Low
NER_R00393,Tripura,23.291265,93.263094,0.22304289918941972,Low
NER_R11940,Sikkim,24.69346,93.294507,0.22290665909286395,Low
NER_R05884,Tripura,28.452607,91.067569,0.22255843028936004,Low
NER_R04038,Tripura,22.792191,93.381632,0.2211562024975292,Low
NER_R08771,Meghalaya,24.150968,88.729666,0.22082571147210883,Low
NER_R11943,Tripura,28.278394,94.582936,0.21881367433820476,Low
NER_R00263,Mizoram,22.141794,94.230359,0.2187662652621547,Low
NER_R02768,Manipur,28.072446,96.560302,0.21862383996831342,Low
NER_R03986,Meghalaya,28.864911,94.483379,0.21725963039774066,Low
NER_R04931,Mizoram,26.826345,94.918949,0.21692997769454703,Low
NER_R00056,Meghalaya,26.839189,94.915775,0.21692997769454703,Low
NER_R10249,Assam,25.784155,95.666386,0.21644563233626515,Low
NER_R03269,Tripura,29.282862,89.332393,0.2161208969291617,Low
NER_R04671,Nagaland,29.260814,89.381372,0.2161208969291617,Low
NER_R01322,Manipur,29.210472,89.400784,0.2161208969291617,Low
NER_R07998,Meghalaya,27.092527,93.788458,0.21523753873987372,Low
NER_R05095,Tripura,23.294511,94.851157,0.21486985294582664,Low
NER_R10596,Tripura,22.897111,88.573166,0.2148544362483879,Low
NER_R00192,Manipur,26.864846,89.822146,0.21439077381634455,Low
NER_R09538,Arunachal Pradesh,24.30389,94.017659,0.21402140344130044,Low
NER_R02550,Manipur,28.847613,95.068544,0.2139276668372525,Low
NER_R02894,Assam,28.844381,95.053821,0.2139276668372525,Low
NER_R08465,Manipur,23.565635,89.260109,0.21376727120138195,Low
NER_R11677,Arunachal Pradesh,23.090566,95.982224,0.21370192274247532,Low
NER_R03822,Nagaland,27.863026,94.125966,0.21360773309968295,Low
NER_R04836,Nagaland,27.384993,91.485132,0.21264920439949536,Low
NER_R03148,Assam,27.691189,96.841495,0.21239654804900257,Low
NER_R10528,Sikkim,22.17947,91.175319,0.2102059387326555,Low
NER_R10616,Sikkim,22.111785,91.129774,0.2102059387326555,Low
NER_R05200,Tripura,22.149454,94.097953,0.2097303717273623,Low
NER_R08793,Tripura,22.228317,94.122834,0.2097303717273623,Low
NER_R04032,Manipur,26.233516,91.790314,0.2096358192793344,Low
NER_R02795,Meghalaya,27.26746,94.296103,0.2095229569502319,Low
NER_R05191,Sikkim,27.401766,94.15188,0.20944174271641955,Low
NER_R06344,Nagaland,25.021476,93.596174,0.2093044125279686,Low
NER_R01542,Sikkim,26.073677,89.86719,0.20902650360884062,Low
NER_R06442,Nagaland,21.745205,88.146352,0.20791519857917473,Low
NER_R04715,Nagaland,21.93811,88.126443,0.20791519857917473,Low
NER_R04350,Assam,27.616132,90.219571,0.2077882891257961,Low
NER_R04372,Meghalaya,28.859217,93.906725,0.20752874093809837,Low
NER_R03912,Nagaland,23.528309,91.488201,0.2072840192615914,Low
NER_R04752,Assam,28.831722,94.236541,0.2070941088921496,Low
NER_R05170,Meghalaya,26.513701,96.693889,0.20680557066837515,Low
NER_R04049,Meghalaya,28.62692,88.028827,0.2068038432221789,Low
NER_R11919,Assam,26.069094,89.823471,0.20652589752803086,Low
NER_R05771,Sikkim,23.076127,94.976411,0.2065227353948738,Low
NER_R09988,Nagaland,28.105972,90.899226,0.20603035397653513,Low
NER_R11292,Mizoram,26.474002,95.218554,0.20584146695576824,Low
NER_R06875,Manipur,21.96189,88.2877,0.20570924127301343,Low
NER_R11663,Arunachal Pradesh,28.081859,94.089082,0.20554856701320304,Low
NER_R03757,Sikkim,28.216176,97.405527,0.20515928034979555,Low
NER_R01670,Meghalaya,28.317184,97.453196,0.20515928034979555,Low
NER_R02251,Mizoram,28.169578,88.286956,0.2045019446677816,Low
NER_R04209,Meghalaya,26.124321,90.602648,0.20443995260436268,Low
NER_R07810,Sikkim,28.586904,97.201289,0.2041087544376331,Low
NER_R00471,Mizoram,25.639724,93.180989,0.20402951493419863,Low
NER_R05108,Tripura,27.832249,95.00202,0.20383469072926008,Low
NER_R05586,Meghalaya,22.200583,95.497302,0.20330088433654314,Low
NER_R10273,Nagaland,26.951522,88.868567,0.20313813141303927,Low
NER_R10343,Tripura,24.885148,96.809983,0.20298764059293373,Low
NER_R11975,Manipur,24.342095,89.562116,0.2027664011576965,Low
NER_R06133,Arunachal Pradesh,22.269646,90.910489,0.20239037366971918,Low
NER_R10696,Arunachal Pradesh,22.082012,91.245331,0.20158252175676972,Low
NER_R07638,Nagaland,28.729699,92.128545,0.2014354351724842,Low
NER_R02584,Nagaland,23.289806,95.600465,0.20136852506969546,Low
NER_R11294,Mizoram,29.439587,92.436834,0.20127065790910395,Low
NER_R07306,Arunachal Pradesh,22.772511,89.39735,0.201167130408685,Low
NER_R07590,Manipur,24.759067,91.204191,0.2007432061390478,Low
NER_R08947,Sikkim,26.484886,88.538912,0.1999453246398738,Low
NER_R10096,Arunachal Pradesh,25.852027,94.701139,0.1997433136995811,Low
NER_R04140,Meghalaya,28.855159,89.411496,0.19971433446980308,Low
NER_R02049,Sikkim,25.628495,95.986797,0.1981984498462702,Low
NER_R02329,Sikkim,26.264394,96.039457,0.19612258754775655,Low
NER_R04955,Manipur,23.851829,95.063907,0.1934416274206907,Low
NER_R02583,Arunachal Pradesh,24.189044,89.523455,0.19339483497138782,Low
NER_R03979,Assam,29.123101,88.853697,0.19304877809575988,Low
NER_R07399,Meghalaya,29.10979,88.850583,0.19304877809575988,Low
NER_R07262,Assam,23.843975,95.955934,0.19188421130968483,Low
NER_R09754,Tripura,28.933521,93.449594,0.1915798227719687,Low
NER_R04781,Sikkim,24.128281,91.683704,0.1909290081428278,Low
NER_R04884,Mizoram,28.443383,94.933565,0.19071381911181895,Low
NER_R07799,Arunachal Pradesh,23.106181,92.77209,0.1906085948435567,Low
NER_R02148,Mizoram,23.328201,88.196542,0.19059261160282062,Low
NER_R01086,Assam,26.583864,95.291296,0.19053005309763205,Low
NER_R08734,Sikkim,27.968319,93.993552,0.19035857235240689,Low
NER_R03371,Nagaland,25.729928,93.833595,0.1901673448494901,Low
NER_R07465,Assam,27.579714,89.459533,0.19001380250153552,Low
NER_R10456,Nagaland,28.483035,91.657528,0.18977077026515674,Low
NER_R11421,Sikkim,26.77598,93.643685,0.18965325968628605,Low
NER_R09156,Sikkim,27.890484,94.818035,0.18933545550726652,Low
NER_R02601,Nagaland,28.309577,95.757748,0.18927280097263216,Low
NER_R10746,Assam,22.196053,97.454602,0.18910156139237713,Low
NER_R06155,Arunachal Pradesh,27.590479,92.756035,0.18895027268715026,Low
NER_R07577,Tripura,23.620434,95.960116,0.1887251377569215,Low
NER_R07255,Sikkim,23.564644,95.988955,0.1887251377569215,Low
NER_R11944,Nagaland,28.112539,97.184754,0.18850859276630766,Low
NER_R11404,Arunachal Pradesh,29.331315,94.803148,0.18850751779410213,Low
NER_R08048,Meghalaya,25.892424,96.235954,0.18829239564609448,Low
NER_R05168,Arunachal Pradesh,28.683603,92.218196,0.18771680868945384,Low
NER_R00538,Sikkim,28.655723,92.259612,0.18771680868945384,Low
NER_R04935,Meghalaya,26.443259,94.955659,0.18731012380107176,Low
NER_R03053,Meghalaya,25.963011,90.999694,0.18700854871430164,Low
NER_R00987,Meghalaya,28.382803,89.612096,0.18683363360776006,Low
NER_R03065,Arunachal Pradesh,26.288105,96.990126,0.18636665403712122,Low
NER_R02415,Arunachal Pradesh,26.492168,97.212419,0.18632605731958152,Low
NER_R03932,Mizoram,28.587219,90.505518,0.18587163801325712,Low
NER_R11648,Tripura,23.562142,89.666823,0.1857560569075695,Low
NER_R07137,Tripura,25.215786,93.087473,0.18565026008430197,Low
NER_R01191,Manipur,27.202024,91.606933,0.18515345983856824,Low
NER_R06381,Sikkim,23.348209,89.833987,0.18510009107408315,Low
NER_R03643,Assam,23.398068,89.823593,0.18510009107408315,Low
NER_R06638,Arunachal Pradesh,25.232494,92.016646,0.18507026097271922,Low
NER_R04366,Assam,25.227854,91.963758,0.18507026097271922,Low
NER_R04482,Tripura,24.652749,90.110891,0.18430894282568083,Low
NER_R04592,Assam,29.468615,93.803113,0.1841912043002729,Low
NER_R04111,Arunachal Pradesh,24.473021,93.211582,0.18367922239308077,Low
NER_R08834,Tripura,26.548388,92.502394,0.18260505458688236,Low
NER_R07786,Mizoram,28.092794,88.427837,0.18235192550247106,Low
NER_R04813,Arunachal Pradesh,22.25623,90.801386,0.18235185605477644,Low
NER_R03135,Arunachal Pradesh,27.114206,90.260622,0.1816486376188227,Low
NER_R00476,Tripura,26.109483,95.517945,0.18134435435344864,Low
NER_R10866,Arunachal Pradesh,27.690308,96.952466,0.18105170581478264,Low
NER_R03501,Sikkim,24.0013,95.323533,0.1810249228596475,Low
NER_R08194,Arunachal Pradesh,27.356497,97.114729,0.17956770205845957,Low
NER_R01663,Meghalaya,21.526899,89.697099,0.17947550461956535,Low
NER_R01784,Nagaland,21.641079,89.681122,0.17947550461956535,Low
NER_R07756,Arunachal Pradesh,21.978253,89.747174,0.17947550461956535,Low
NER_R09392,Sikkim,28.482182,93.293764,0.17940415179883146,Low
NER_R03936,Arunachal Pradesh,23.179419,90.828123,0.1794035719220159,Low
NER_R09011,Assam,22.97755,92.04198,0.17934305554461638,Low
NER_R02334,Mizoram,24.363108,96.652424,0.17911677528180647,Low
NER_R08386,Manipur,23.74382,89.914378,0.17908472003584155,Low
NER_R00311,Tripura,24.407067,93.92053,0.1782932504156688,Low
NER_R02259,Tripura,26.088846,91.302453,0.17820723395318117,Low
NER_R05808,Meghalaya,22.665653,93.373269,0.178024131518884,Low
NER_R01049,Mizoram,24.770491,93.011757,0.17745945008954866,Low
NER_R02068,Mizoram,26.617314,88.334732,0.17680935012025278,Low
NER_R08545,Assam,25.61679,89.030963,0.17545422398117452,Low
NER_R11847,Mizoram,25.46467,93.408122,0.17514635733417294,Low
NER_R07441,Arunachal Pradesh,25.272204,89.259392,0.17427549384940294,Low
NER_R00322,Mizoram,27.039564,96.900033,0.17394427145326508,Low
NER_R08988,Mizoram,21.730523,90.926197,0.17391446040880287,Low
NER_R08198,Tripura,26.375598,91.690539,0.1733639178484151,Low
NER_R00382,Nagaland,23.244132,89.566614,0.17320218894868494,Low
NER_R03052,Mizoram,23.243986,89.552127,0.17320218894868494,Low
NER_R03113,Arunachal Pradesh,26.64107,92.29122,0.17314272926357352,Low
NER_R11866,Tripura,28.182795,91.432449,0.17286372997400357,Low
NER_R01044,Assam,25.583165,94.271673,0.17268562296175763,Low
NER_R09507,Arunachal Pradesh,25.573571,94.263662,0.17268562296175763,Low
NER_R00007,Mizoram,24.236614,95.842863,0.17244057920121392,Low
NER_R07100,Nagaland,28.343463,96.718242,0.17225717025558052,Low
NER_R05767,Assam,28.37486,95.400362,0.17176759374346517,Low
NER_R11606,Mizoram,28.38117,95.463937,0.17176759374346517,Low
NER_R01285,Sikkim,27.206024,94.696004,0.1709072535189499,Low
NER_R07310,Nagaland,27.294356,94.71089,0.1709072535189499,Low
NER_R04132,Assam,22.198723,91.868968,0.17085679493204137,Low
NER_R06579,Tripura,22.247831,91.854699,0.17085679493204137,Low
NER_R00128,Assam,29.4596,90.939037,0.170852746846535,Low
NER_R11815,Mizoram,24.32823,88.866661,0.1707017447939523,Low
NER_R00121,Tripura,28.475312,91.315048,0.17027783629280663,Low
NER_R04289,Manipur,28.339022,90.772194,0.168870969258826,Low
NER_R10917,Meghalaya,23.674675,95.99654,0.16855672703060615,Low
NER_R08402,Manipur,25.045218,95.388056,0.16838447019306285,Low
NER_R11275,Tripura,22.497945,96.850667,0.1683656940304895,Low
NER_R04712,Mizoram,25.890523,95.041987,0.1682969476492822,Low
NER_R08611,Nagaland,27.309806,89.644401,0.1681921983981613,Low
NER_R00184,Manipur,23.16789,89.088339,0.16784621223385082,Low
NER_R06141,Assam,26.248918,90.000136,0.16731807034758295,Low
NER_R03843,Mizoram,25.220016,94.731957,0.16717326059682702,Low
NER_R11578,Assam,26.209584,89.416935,0.16709165742182708,Low
NER_R01217,Nagaland,28.472777,91.893335,0.16684992362700762,Low
NER_R08564,Meghalaya,28.481743,94.82874,0.1665671275978381,Low
NER_R06239,Assam,29.112833,92.850283,0.16644785729802078,Low
NER_R03996,Tripura,25.165107,95.370675,0.1660488103597101,Low
NER_R07388,Manipur,25.370346,97.000341,0.16572307073434026,Low
NER_R08175,Nagaland,24.752683,93.415987,0.1656879263303094,Low
NER_R08257,Manipur,29.313204,96.069966,0.16515346300068834,Low
NER_R00639,Arunachal Pradesh,28.11743,88.776009,0.164275096312279,Low
NER_R04267,Assam,26.706377,92.844248,0.16406023232187686,Low
NER_R01956,Assam,29.471911,92.216399,0.1631172118161483,Low
NER_R02242,Manipur,27.84292,92.514287,0.1628319691687846,Low
NER_R00592,Tripura,23.391872,90.220488,0.16278695864614823,Low
NER_R06619,Manipur,24.202744,94.441691,0.16277422748289772,Low
NER_R01127,Meghalaya,28.933991,94.531789,0.1626757033973928,Low
NER_R03349,Tripura,28.207555,91.862596,0.1624072615903876,Low
NER_R00422,Arunachal Pradesh,22.181337,90.064814,0.16237672778688778,Low
NER_R09967,Nagaland,26.180336,96.070045,0.162225897809437,Low
NER_R02418,Arunachal Pradesh,29.085302,95.52837,0.16173967402922057,Low
NER_R06273,Assam,25.342733,90.270157,0.16118247913396896,Low
NER_R07946,Manipur,28.610216,93.581116,0.1608852558903222,Low
NER_R03581,Manipur,28.940152,90.633689,0.16028858246998018,Low
NER_R10432,Sikkim,23.555399,93.812651,0.159978683261724,Low
NER_R08523,Tripura,26.323099,88.564069,0.15924933182215167,Low
NER_R02771,Sikkim,22.659271,94.573821,0.15902957139260793,Low
NER_R09725,Sikkim,27.974539,90.604847,0.15830052606750206,Low
NER_R11278,Nagaland,26.893499,93.487597,0.15785313931162276,Low
NER_R05535,Sikkim,22.372118,90.205608,0.15730465204051103,Low
NER_R11166,Nagaland,24.435657,88.922242,0.15634274786999397,Low
NER_R03244,Nagaland,24.318771,88.923761,0.15634274786999397,Low
NER_R09749,Arunachal Pradesh,28.399573,91.465296,0.15585863260354665,Low
NER_R09389,Nagaland,25.028332,94.903137,0.15502975543851963,Low
NER_R10335,Sikkim,22.516952,92.314149,0.15456256874604546,Low
NER_R09014,Nagaland,26.358066,90.830676,0.15416032450046824,Low
NER_R10506,Assam,22.459802,96.718089,0.15390860726187738,Low
NER_R11620,Manipur,25.822506,91.89648,0.15388394868682737,Low
NER_R07664,Sikkim,23.874943,94.62265,0.15352078237028072,Low
NER_R06868,Arunachal Pradesh,29.365011,90.971001,0.15348843807918433,Low
NER_R01272,Nagaland,29.431034,90.991457,0.15348843807918433,Low
NER_R06929,Sikkim,25.969704,94.245857,0.15332450972698103,Low
NER_R09060,Assam,24.751854,94.382155,0.15327753144701267,Low
NER_R02776,Meghalaya,29.44372,95.1046,0.15314972761503057,Low
NER_R05706,Arunachal Pradesh,29.210326,91.821739,0.1530218819721934,Low
NER_R04457,Manipur,23.699673,94.477571,0.1529953503192204,Low
NER_R08324,Sikkim,23.766872,94.507191,0.1529953503192204,Low
NER_R01660,Tripura,25.26553,91.260664,0.1526302433699745,Low
NER_R06297,Tripura,25.909507,91.130703,0.15252449355163622,Low
NER_R11757,Sikkim,29.43373,93.233422,0.15251179434994888,Low
NER_R08183,Arunachal Pradesh,27.416887,94.929087,0.15237467883129885,Low
NER_R02440,Manipur,21.925197,90.158301,0.1522741215743832,Low
NER_R07428,Meghalaya,21.943108,90.154104,0.1522741215743832,Low
NER_R06414,Tripura,25.771638,91.9802,0.15162700232435894,Low
NER_R02321,Sikkim,26.364498,94.872742,0.1514669140210307,Low
NER_R09263,Arunachal Pradesh,27.485876,95.843873,0.15128950201961736,Low
NER_R02456,Mizoram,26.482551,88.085507,0.15082393272215103,Low
NER_R09521,Tripura,24.754529,95.773898,0.15073034297946258,Low
NER_R11244,Nagaland,26.25125,97.231395,0.1506196822445502,Low
NER_R02194,Assam,26.822103,93.672084,0.15037789617186748,Low
NER_R09157,Tripura,25.845423,88.193149,0.15036755422531356,Low
NER_R02016,Tripura,28.696682,90.928692,0.15021394763482568,Low
NER_R09774,Assam,28.120018,91.728858,0.15011011031877625,Low
NER_R11068,Sikkim,28.995752,95.210531,0.14975029988969657,Low
NER_R07650,Mizoram,25.353778,89.647894,0.14946854334934856,Low
NER_R04584,Meghalaya,27.714991,95.313133,0.14907523668185638,Low
NER_R10156,Sikkim,22.558984,91.048585,0.1488597554007964,Low
NER_R04945,Mizoram,24.439098,94.25247,0.14876561045426023,Low
NER_R10862,Manipur,22.185573,91.612489,0.14848572521311465,Low
NER_R03489,Arunachal Pradesh,27.426901,91.577104,0.14842396901291505,Low
NER_R08535,Nagaland,25.491916,97.013602,0.14836267708682088,Low
NER_R09620,Tripura,23.763935,90.244865,0.14759050802285806,Low
NER_R04673,Sikkim,23.760727,93.078774,0.14739488063906842,Low
NER_R11863,Arunachal Pradesh,23.312029,96.492702,0.14709747000212298,Low
NER_R05484,Arunachal Pradesh,28.928334,95.151842,0.14707952873197966,Low
NER_R09247,Tripura,29.495285,93.161471,0.1469604915487856,Low
NER_R09218,Meghalaya,24.157386,90.001568,0.14549737679532318,Low
NER_R01867,Arunachal Pradesh,24.388725,92.594131,0.145436623660757,Low
NER_R09899,Mizoram,26.575994,91.635749,0.14521298072985786,Low
NER_R02201,Mizoram,21.980291,96.745036,0.14484431847659102,Low
NER_R03927,Manipur,21.891106,96.770245,0.14484431847659102,Low
NER_R05729,Manipur,24.402911,88.292911,0.1447787866576934,Low
NER_R02507,Assam,26.665327,88.842331,0.14477257871601695,Low
NER_R03387,Assam,28.256569,96.062223,0.14458617738668705,Low
NER_R00455,Mizoram,28.469057,92.174925,0.14434776356240483,Low
NER_R00335,Nagaland,24.607263,94.101832,0.14410042022766384,Low
NER_R04166,Manipur,28.984955,89.902465,0.14391770799442627,Low
NER_R00367,Nagaland,29.033559,89.877951,0.14391770799442627,Low
NER_R01988,Meghalaya,27.818124,95.802918,0.14378295425815923,Low
NER_R05819,Mizoram,26.981429,91.581872,0.1436260501036366,Low
NER_R11901,Arunachal Pradesh,26.127256,95.96054,0.14348227818792675,Low
NER_R02362,Arunachal Pradesh,23.931101,92.313663,0.1430631148697763,Low
NER_R06049,Arunachal Pradesh,25.01084,92.32409,0.1429447128107047,Low
NER_R08408,Arunachal Pradesh,27.280967,93.334103,0.14278633532532675,Low
NER_R03182,Manipur,28.219232,90.548643,0.14270746196126066,Low
NER_R02673,Arunachal Pradesh,26.251846,93.547605,0.1424007064885055,Low
NER_R11835,Nagaland,24.558326,95.101326,0.1422885272384576,Low
NER_R01802,Mizoram,22.073984,92.168243,0.14198390890281837,Low
NER_R06062,Sikkim,27.499702,94.104459,0.14174400076320204,Low
NER_R10548,Manipur,26.193068,97.246723,0.1409509094892185,Low
NER_R06695,Tripura,26.973582,90.569974,0.14032471780219946,Low
NER_R03320,Arunachal Pradesh,24.259238,97.439864,0.13996268178444693,Low
NER_R11029,Manipur,24.266114,97.411828,0.13996268178444693,Low
NER_R02648,Manipur,23.889607,89.413679,0.13903488416729987,Low
NER_R02551,Tripura,25.991123,89.793873,0.13894625138980504,Low
NER_R07675,Nagaland,27.827723,94.170777,0.13879859102994613,Low
NER_R07637,Assam,28.003205,91.432083,0.13831440322847827,Low
NER_R10621,Arunachal Pradesh,25.749864,88.16635,0.13820426184458767,Low
NER_R06000,Nagaland,26.586051,93.763088,0.13802761959345056,Low
NER_R08979,Meghalaya,24.271991,96.615795,0.13770580395428858,Low
NER_R05634,Meghalaya,25.858681,90.505891,0.13741736667080662,Low
NER_R08773,Mizoram,29.00192,94.714105,0.1365341509355747,Low
NER_R04934,Tripura,29.012554,94.713003,0.1365341509355747,Low
NER_R06612,Nagaland,23.719656,88.896185,0.13645014711153292,Low
NER_R03119,Tripura,23.754284,88.847656,0.13645014711153292,Low
NER_R06114,Sikkim,29.225813,93.36126,0.13623470842824115,Low
NER_R02007,Tripura,29.189663,93.350387,0.13623470842824115,Low
NER_R06862,Meghalaya,25.656857,88.80981,0.1357714088228752,Low
NER_R05017,Assam,27.779039,90.081938,0.1355781904159143,Low
NER_R08055,Meghalaya,23.552468,94.839254,0.13556697422959071,Low
NER_R03645,Nagaland,23.252759,94.444099,0.13536474095095719,Low
NER_R06358,Sikkim,23.503895,95.482629,0.13524327596717436,Low
NER_R03048,Nagaland,27.526214,90.875868,0.1348464195942905,Low
NER_R06308,Tripura,25.755768,90.127355,0.1345549566877884,Low
NER_R09151,Arunachal Pradesh,26.515423,88.231497,0.13454877641683938,Low
NER_R04277,Mizoram,23.880891,92.60701,0.13345556184556534,Low
NER_R05162,Sikkim,24.028638,95.051466,0.1334472629231066,Low
NER_R01472,Arunachal Pradesh,29.303924,94.411433,0.13285410335085795,Low
NER_R09169,Assam,25.04009,95.889818,0.13271024268739473,Low
NER_R04622,Sikkim,29.024474,92.512765,0.13261084740204704,Low
NER_R08011,Nagaland,24.766289,92.115879,0.13259358725254178,Low
NER_R03116,Assam,22.705236,90.559868,0.1325487807064635,Low
NER_R01800,Assam,24.240337,96.399568,0.1323792793741425,Low
NER_R04442,Mizoram,25.125003,93.630893,0.13197799699967838,Low
NER_R07568,Manipur,25.055069,93.673336,0.13197799699967838,Low
NER_R02366,Sikkim,27.584272,90.270155,0.13193274311855369,Low
NER_R09598,Manipur,28.232762,96.038064,0.1319108825154356,Low
NER_R02903,Assam,25.881346,92.553417,0.1313244017160873,Low
NER_R02345,Assam,28.48673,94.517746,0.13118628896852913,Low
NER_R01519,Meghalaya,23.261976,92.408854,0.13116539795766596,Low
NER_R09780,Arunachal Pradesh,22.23968,96.155629,0.13112580056109494,Low
NER_R04856,Meghalaya,27.7002,91.431665,0.1311154829761535,Low
NER_R04522,Sikkim,22.359995,96.033748,0.1309903646188771,Low
NER_R07581,Mizoram,22.306522,95.964344,0.1309903646188771,Low
NER_R10777,Manipur,26.421406,91.99822,0.1309216272634152,Low
NER_R05317,Tripura,26.965884,94.963108,0.13087091577250537,Low
NER_R06030,Nagaland,29.20023,93.186095,0.13042271916002035,Low
NER_R04446,Assam,23.382467,96.361523,0.13007701201785754,Low
NER_R10333,Tripura,25.510494,97.358707,0.12982366565067927,Low
NER_R06246,Manipur,25.723171,94.269496,0.1297686616675084,Low
NER_R06480,Assam,24.692816,90.865147,0.1296562626132156,Low
NER_R11127,Tripura,23.6937,90.597478,0.12960087681858684,Low
NER_R00395,Manipur,22.417888,93.884852,0.1292579245404541,Low
NER_R08876,Manipur,26.27561,89.126056,0.1292154356651626,Low
NER_R11372,Tripura,23.581751,95.394144,0.12917118733940552,Low
NER_R07246,Mizoram,23.439012,90.894002,0.12912181010176335,Low
NER_R04359,Assam,29.401594,92.181803,0.12908568881911903,Low
NER_R05766,Nagaland,26.994312,97.190814,0.12875510830158177,Low
NER_R09907,Tripura,22.35171,94.343883,0.12840747683416898,Low
NER_R11771,Assam,22.377336,94.29172,0.12840747683416898,Low
NER_R01831,Arunachal Pradesh,28.113097,89.596695,0.12810918014155168,Low
NER_R00606,Manipur,26.561721,94.050735,0.12806304104202118,Low
NER_R06984,Meghalaya,25.519218,93.397085,0.1279789650449714,Low
NER_R02754,Nagaland,27.441074,95.485224,0.12778976465393316,Low
NER_R01538,Nagaland,27.509842,95.498434,0.12778976465393316,Low
NER_R02517,Sikkim,24.000642,94.186915,0.12706584724478087,Low
NER_R06105,Tripura,24.495489,93.23708,0.12690496306326743,Low
NER_R06159,Sikkim,28.981528,92.576271,0.12671771034959733,Low
NER_R04890,Manipur,27.168493,89.556654,0.1266453631554323,Low
NER_R05711,Arunachal Pradesh,25.05335,89.229609,0.12664157274303675,Low
NER_R06453,Nagaland,22.779179,88.77598,0.126440608577684,Low
NER_R01150,Assam,28.882985,89.017202,0.1261037753704734,Low
NER_R10382,Sikkim,24.347518,92.807601,0.1259666530252051,Low
NER_R02932,Sikkim,26.173557,92.179665,0.12561818161352434,Low
NER_R04700,Nagaland,28.872914,97.155369,0.12522163252478785,Low
NER_R03385,Assam,25.915161,93.498666,0.1252216224296883,Low
NER_R03185,Meghalaya,23.951063,90.695036,0.12425487242555233,Low
NER_R01244,Sikkim,26.533752,97.32946,0.12340110596550347,Low
NER_R06462,Arunachal Pradesh,26.530718,89.052843,0.12328941762064916,Low
NER_R02882,Mizoram,26.52726,89.051136,0.12328941762064916,Low
NER_R11824,Arunachal Pradesh,23.436966,96.452192,0.12233240139084,Low
NER_R10821,Nagaland,24.559481,88.017613,0.122229119554883,Low
NER_R11508,Manipur,28.289366,90.228567,0.12133334558885317,Low
NER_R03163,Nagaland,27.443833,93.067198,0.12117303369139228,Low
NER_R02827,Arunachal Pradesh,29.233581,93.820006,0.12088840649899171,Low
NER_R06689,Arunachal Pradesh,27.726898,90.696926,0.1206108858480813,Low
NER_R10709,Assam,27.717278,90.644008,0.1206108858480813,Low
NER_R06398,Mizoram,25.013836,90.26919,0.1202339116554324,Low
NER_R03159,Tripura,29.474572,91.389056,0.11995956345696965,Low
NER_R02629,Arunachal Pradesh,29.093224,90.04508,0.11985005876214344,Low
NER_R00341,Manipur,26.403887,92.326306,0.11984955139656524,Low
NER_R11587,Mizoram,23.902757,93.875544,0.1197646112853255,Low
NER_R08952,Manipur,27.075921,97.057165,0.11916386050712759,Low
NER_R10188,Sikkim,26.394812,96.246907,0.11899842600577558,Low
NER_R06912,Meghalaya,22.423314,96.830161,0.11844129853347103,Low
NER_R03747,Tripura,23.833961,94.977115,0.11825329044880403,Low
NER_R03906,Meghalaya,26.722985,93.177332,0.11731065874007793,Low
NER_R02808,Sikkim,26.680761,95.560959,0.11728187584185758,Low
NER_R10686,Nagaland,22.734309,90.748161,0.11709425160945922,Low
NER_R00139,Sikkim,23.32159,96.774922,0.11699377002302204,Low
NER_R09170,Sikkim,25.817182,89.889062,0.11689891813738156,Low
NER_R07165,Sikkim,27.25183,88.166039,0.11677644819331061,Low
NER_R09634,Assam,24.512483,90.300501,0.11606646802538204,Low
NER_R09544,Arunachal Pradesh,25.685223,90.976276,0.11582226011682048,Low
NER_R07382,Manipur,28.417253,90.882669,0.11520774725040561,Low
NER_R04224,Sikkim,26.549966,89.373193,0.1144810937872298,Low
NER_R11586,Meghalaya,28.497452,89.703149,0.11375261343102522,Low
NER_R05421,Assam,24.825133,95.847108,0.11288561105809165,Low
NER_R01947,Assam,23.736223,93.392065,0.11287133045871173,Low
NER_R01103,Meghalaya,26.276496,92.533481,0.11286844403113397,Low
NER_R03227,Mizoram,25.106555,91.321726,0.11285547150053986,Low
NER_R01492,Sikkim,29.352168,93.92689,0.11271912815203772,Low
NER_R01487,Sikkim,29.274776,92.937286,0.11237657687472778,Low
NER_R07695,Assam,23.707191,95.723333,0.11232678187686686,Low
NER_R06410,Sikkim,23.502628,95.746506,0.11219637745880166,Low
NER_R06665,Sikkim,25.053063,90.572876,0.11178702259954361,Low
NER_R08695,Nagaland,22.866561,90.25039,0.11146101587810088,Low
NER_R10780,Manipur,27.905696,88.568537,0.11131272166149583,Low
NER_R01042,Arunachal Pradesh,24.142622,90.194831,0.1112513520779572,Low
NER_R10824,Tripura,26.120887,92.178998,0.11085884921641283,Low
NER_R11219,Sikkim,22.58131,88.828499,0.11080716551461972,Low
NER_R09102,Assam,23.699725,96.301319,0.11058169080031098,Low
NER_R01294,Assam,28.133211,95.107974,0.1103438065525288,Low
NER_R04819,Assam,25.562423,96.291832,0.1102470368197544,Low
NER_R06917,Sikkim,26.44185,90.587714,0.11022361475412665,Low
NER_R08121,Assam,26.683041,93.653223,0.11005290960824331,Low
NER_R04787,Meghalaya,26.601691,89.138425,0.11000226740694724,Low
NER_R01194,Tripura,23.670952,95.804901,0.10998812094483863,Low
NER_R02393,Tripura,23.678015,95.810307,0.10998812094483863,Low
NER_R00211,Sikkim,23.761245,95.83707,0.10998812094483863,Low
NER_R05494,Manipur,24.947494,92.595215,0.10978089990396434,Low
NER_R00196,Arunachal Pradesh,25.985143,95.722587,0.1097708350500827,Low
NER_R02752,Mizoram,25.979524,95.668833,0.1097708350500827,Low
NER_R03083,Tripura,23.9435,88.826545,0.10972577747260992,Low
NER_R01483,Nagaland,26.665551,94.863193,0.10971720317026719,Low
NER_R03187,Manipur,25.565479,93.509704,0.10927978233493568,Low
NER_R03465,Meghalaya,23.586331,93.189717,0.10863292595984424,Low
NER_R10856,Sikkim,27.181931,96.263214,0.10804592456345874,Low
NER_R02886,Mizoram,21.821923,96.188328,0.10720584393830411,Low
NER_R07117,Assam,21.535836,96.142019,0.10720584393830411,Low
NER_R08816,Nagaland,21.713162,96.140972,0.10720584393830411,Low
NER_R05066,Nagaland,22.661118,96.725459,0.10691830767267091,Low
NER_R04565,Meghalaya,25.92272,92.519622,0.10683917737340207,Low
NER_R08279,Nagaland,27.528469,94.895308,0.10667823507335475,Low
NER_R05293,Tripura,26.067377,94.768472,0.10650878977025457,Low
NER_R07184,Nagaland,25.361219,88.138996,0.10648299921296814,Low
NER_R05660,Mizoram,25.724571,90.949541,0.10575904643018133,Low
NER_R07625,Tripura,23.043592,92.272051,0.10544508340042122,Low
NER_R04338,Arunachal Pradesh,22.766991,96.231296,0.10484002284800127,Low
NER_R07741,Sikkim,22.463386,93.312658,0.10475626282902399,Low
NER_R09526,Nagaland,29.131806,88.235489,0.10467244697469995,Low
NER_R03962,Meghalaya,24.928741,91.575561,0.10442929710684812,Low
NER_R11611,Nagaland,25.665521,90.092052,0.10406647820623517,Low
NER_R04168,Meghalaya,24.773821,92.637859,0.10403823899965267,Low
NER_R10600,Manipur,27.959536,93.180275,0.10378652562267254,Low
NER_R04773,Arunachal Pradesh,28.841806,91.876033,0.10369246354892515,Low
NER_R08153,Nagaland,23.260319,88.972479,0.10347826601176843,Low
NER_R10227,Tripura,26.208336,92.383881,0.10288871724774015,Low
NER_R11969,Sikkim,22.310467,93.682757,0.102694912187282,Low
NER_R05721,Arunachal Pradesh,26.655619,89.824076,0.10263205945837037,Low
NER_R01869,Mizoram,26.731342,88.837346,0.1017425902642386,Low
NER_R06234,Meghalaya,23.05224,89.070566,0.10172017893782834,Low
NER_R04573,Assam,25.838321,95.547471,0.10166612947004952,Low
NER_R04986,Sikkim,27.8712,90.777675,0.10146704088152834,Low
NER_R01693,Meghalaya,21.841957,90.83135,0.1011717747020857,Low
NER_R03682,Tripura,28.057693,89.176657,0.10116154962495519,Low
NER_R05521,Assam,25.285386,91.869923,0.10062997095991309,Low
NER_R02324,Tripura,28.689382,89.687764,0.10055169252934348,Low
NER_R11699,Tripura,28.677364,89.714702,0.10055169252934348,Low
NER_R03519,Meghalaya,22.48597,90.109314,0.10044333233537664,Low
NER_R06508,Mizoram,27.927263,94.448733,0.09985846078560202,Low
NER_R11952,Mizoram,24.072239,93.557201,0.09946688329265219,Low
NER_R05310,Mizoram,26.676498,93.590031,0.09910784590779267,Low
NER_R10933,Tripura,26.411661,96.49811,0.09886892488463082,Low
NER_R10094,Arunachal Pradesh,22.475795,95.341484,0.09883353792736377,Low
NER_R02523,Tripura,22.559654,95.404712,0.09883353792736377,Low
NER_R03573,Tripura,26.715961,96.258126,0.0986856691022919,Low
NER_R04278,Meghalaya,29.476909,89.961427,0.09853094552083165,Low
NER_R00650,Mizoram,27.033036,88.708825,0.09765159033875995,Low
NER_R06476,Tripura,25.026979,94.779317,0.09753429864434641,Low
NER_R01743,Arunachal Pradesh,25.792286,92.59085,0.09712916078004315,Low
NER_R02424,Assam,25.883316,97.426628,0.096892041278667,Low
NER_R05365,Nagaland,27.968834,92.710515,0.09675608047144615,Low
NER_R02271,Mizoram,24.737802,93.405453,0.09660370903274447,Low
NER_R09301,Tripura,22.367359,92.269994,0.0965115436765942,Low
NER_R08774,Mizoram,26.716113,89.971185,0.09560053916749536,Low
NER_R06125,Meghalaya,22.77541,91.940475,0.09484165994555158,Low
NER_R09160,Mizoram,22.681081,90.376907,0.09431127019268815,Low
NER_R10931,Meghalaya,22.72097,90.400992,0.09431127019268815,Low
NER_R06573,Nagaland,24.681856,95.069065,0.09419764981994092,Low
NER_R09130,Tripura,26.791944,94.794852,0.09402119235397569,Low
NER_R05378,Manipur,27.634227,92.570449,0.09365310849448735,Low
NER_R06554,Assam,23.843838,90.987374,0.09358980152419995,Low
NER_R09686,Assam,21.846826,92.653262,0.09340642459986148,Low
NER_R03637,Assam,21.56945,92.818872,0.09340642459986148,Low
NER_R03590,Tripura,22.967866,89.733912,0.09328615575493605,Low
NER_R05385,Tripura,28.864062,97.268391,0.09325118821423489,Low
NER_R07160,Meghalaya,26.839545,88.897612,0.09294855646271594,Low
NER_R10855,Meghalaya,23.829109,89.969387,0.09284492827889072,Low
NER_R11518,Meghalaya,23.78963,89.945099,0.09284492827889072,Low
NER_R01581,Meghalaya,27.251279,94.864971,0.09271143163079953,Low
NER_R10951,Meghalaya,26.29929,94.424629,0.09243270581254664,Low
NER_R05264,Sikkim,22.945092,91.063625,0.09220008448502007,Low
NER_R10361,Nagaland,26.316253,90.818136,0.09203297021455088,Low
NER_R08588,Assam,28.06177,90.790849,0.09197593606711629,Low
NER_R04677,Manipur,24.34133,92.636623,0.09192766113164484,Low
NER_R09459,Sikkim,24.396897,92.677769,0.09192766113164484,Low
NER_R11506,Assam,24.388177,92.68872,0.09192766113164484,Low
NER_R08605,Arunachal Pradesh,28.134677,90.244947,0.09165038081485546,Low
NER_R05782,Meghalaya,23.40971,93.057259,0.09153134150759207,Low
NER_R06368,Manipur,27.208216,93.614058,0.0910261088169104,Low
NER_R02817,Meghalaya,25.332216,89.30106,0.090891032656053,Low
NER_R00533,Assam,25.145469,90.556986,0.09082549619480582,Low
NER_R09870,Manipur,28.934597,91.8226,0.09063594329583818,Low
NER_R01033,Assam,28.915525,91.82509,0.09063594329583818,Low
NER_R07951,Sikkim,27.475187,90.148151,0.09033750769768441,Low
NER_R07360,Manipur,23.264545,95.26261,0.08975017076582245,Low
NER_R02712,Sikkim,23.543179,89.175141,0.08971903614481838,Low
NER_R05860,Nagaland,23.208148,95.22969,0.08937317269103776,Low
NER_R07129,Assam,23.767567,96.601576,0.08898866312849897,Low
NER_R08842,Tripura,22.899725,91.93568,0.08894554835619456,Low
NER_R05403,Arunachal Pradesh,25.753672,89.299927,0.08862141252410576,Low
NER_R09224,Tripura,22.604117,93.003925,0.08833280194989618,Low
NER_R08098,Tripura,29.043724,97.285758,0.08801678510260458,Low
NER_R00271,Nagaland,22.742963,90.282268,0.08779639148795111,Low
NER_R04998,Manipur,28.412564,93.031836,0.08776393295093772,Low
NER_R09107,Meghalaya,25.553194,93.024366,0.08764029047197544,Low
NER_R01792,Nagaland,25.587445,93.059035,0.08764029047197544,Low
NER_R05961,Mizoram,26.461639,91.554299,0.08759097720907613,Low
NER_R05709,Meghalaya,22.185784,97.055142,0.08744433347832263,Low
NER_R07712,Manipur,22.23068,90.972351,0.08733617432796657,Low
NER_R11479,Mizoram,23.477581,94.598004,0.08727768863037108,Low
NER_R11182,Meghalaya,28.676783,90.610656,0.08709765637348095,Low
NER_R08778,Sikkim,28.465601,92.688974,0.08684644668090402,Low
NER_R04731,Arunachal Pradesh,25.23887,95.528722,0.08675057206105506,Low
NER_R10463,Nagaland,22.192962,92.350481,0.08659718462998522,Low
NER_R06647,Arunachal Pradesh,27.233375,89.804179,0.08565695188834317,Low
NER_R10664,Meghalaya,27.888966,90.72088,0.08557139508522146,Low
NER_R07935,Tripura,27.321385,95.581331,0.08539374467682892,Low
NER_R05637,Arunachal Pradesh,29.340793,89.465525,0.08532677467126379,Low
NER_R06958,Arunachal Pradesh,29.298462,89.538187,0.08532677467126379,Low
NER_R06999,Mizoram,26.598285,97.492198,0.08525130631701128,Low
NER_R01134,Sikkim,26.510924,97.475528,0.08525130631701128,Low
NER_R00356,Sikkim,26.522057,97.420966,0.08525130631701128,Low
NER_R07725,Assam,26.0662,88.033318,0.08515714553824276,Low
NER_R09182,Meghalaya,26.12746,88.015113,0.08515714553824276,Low
NER_R05730,Tripura,24.764546,95.852953,0.08513857374843703,Low
NER_R05167,Nagaland,26.486966,90.207041,0.08454804691300385,Low
NER_R04471,Nagaland,25.997786,96.209177,0.08453295012428942,Low
NER_R10630,Meghalaya,23.294591,95.901921,0.08420816238316683,Low
NER_R04414,Nagaland,26.126453,96.096512,0.08395235661834127,Low
NER_R08857,Nagaland,27.7605,94.356296,0.0834498695855301,Low
NER_R10764,Arunachal Pradesh,27.830724,94.904707,0.08333241247443446,Low
NER_R08034,Meghalaya,22.218964,90.128377,0.08320836978029036,Low
NER_R08354,Manipur,26.553581,91.411955,0.08267790677411772,Low
NER_R01503,Nagaland,26.551993,91.439233,0.08267790677411772,Low
NER_R07493,Mizoram,28.541377,97.182764,0.08228141991833965,Low
NER_R00647,Mizoram,23.470971,90.153815,0.08215829769396377,Low
NER_R04500,Mizoram,24.102623,89.11071,0.08214859304147515,Low
NER_R05395,Meghalaya,27.774107,94.761854,0.08212494194110848,Low
NER_R04537,Meghalaya,24.165634,88.951417,0.08200018166085428,Low
NER_R02305,Assam,26.37665,94.551364,0.08178440853411753,Low
NER_R04236,Nagaland,26.585915,90.274456,0.08169597939398485,Low
NER_R04450,Assam,27.499641,93.987695,0.08165046986492669,Low
NER_R05751,Arunachal Pradesh,28.223916,94.523164,0.0816410513387408,Low
NER_R03446,Nagaland,23.903563,95.560533,0.08123969130551145,Low
NER_R11315,Mizoram,26.637598,94.401082,0.08120130869985794,Low
NER_R09197,Manipur,27.693335,88.580586,0.08117266755456737,Low
NER_R11181,Meghalaya,21.978395,89.485306,0.08077673525551339,Low
NER_R03280,Tripura,23.166663,89.834553,0.08077474723786973,Low
NER_R05286,Manipur,26.144252,94.437325,0.08075925161596628,Low
NER_R08173,Tripura,23.016016,93.841549,0.08061101123355277,Low
NER_R11513,Meghalaya,28.542915,94.368114,0.08054934369788498,Low
NER_R11639,Arunachal Pradesh,23.799883,94.678435,0.08045202240838731,Low
NER_R08126,Sikkim,22.09216,91.852324,0.08020466784174539,Low
NER_R05925,Nagaland,25.662549,92.747824,0.08014540100179923,Low
NER_R08228,Mizoram,26.916928,91.902986,0.08008433603419912,Low
NER_R07488,Assam,25.180786,95.461711,0.07997756711587743,Low
NER_R10442,Arunachal Pradesh,28.231584,93.983113,0.07953265135182298,Low
NER_R10990,Tripura,23.377839,92.859314,0.07945534637170584,Low
NER_R11052,Arunachal Pradesh,23.846778,89.009034,0.07932641753932247,Low
NER_R11202,Arunachal Pradesh,27.9032,92.513354,0.07888080895448052,Low
NER_R00998,Meghalaya,23.57504,92.159274,0.07851505312994127,Low
NER_R06989,Nagaland,28.280942,90.187169,0.07834924381079422,Low
NER_R07857,Assam,25.779679,89.247124,0.07819904844936752,Low
NER_R03362,Nagaland,24.148754,97.204795,0.07810024820378497,Low
NER_R05982,Tripura,24.286395,92.991853,0.07805290666858199,Low
NER_R08814,Assam,21.79815,92.805058,0.07804796328459021,Low
NER_R07967,Tripura,22.026584,92.677108,0.07804796328459021,Low
NER_R04918,Meghalaya,29.00228,93.241019,0.07773850782713371,Low
NER_R08743,Sikkim,25.238634,88.536785,0.07752978210413533,Low
NER_R00313,Meghalaya,25.244278,88.661274,0.07752978210413533,Low
NER_R10538,Manipur,27.062422,88.329012,0.07741194726530155,Low
NER_R01296,Arunachal Pradesh,22.709072,89.279657,0.0773651297811106,Low
NER_R01923,Meghalaya,26.137028,89.545676,0.07721872653192544,Low
NER_R04722,Assam,26.125298,89.567332,0.07721872653192544,Low
NER_R09456,Nagaland,27.810574,90.51213,0.07720404741576642,Low
NER_R01910,Mizoram,27.778186,90.541888,0.07720404741576642,Low
NER_R04546,Manipur,28.63542,97.400899,0.0771574208105795,Low
NER_R07231,Manipur,27.865041,94.296829,0.07708874878044182,Low
NER_R07603,Mizoram,26.356656,93.640586,0.07704548935905445,Low
NER_R06866,Manipur,23.84662,88.95131,0.07698201540056124,Low
NER_R08779,Nagaland,24.302424,92.682265,0.07690030895455474,Low
NER_R05037,Mizoram,27.801766,89.872723,0.07659762795694322,Low
NER_R05082,Assam,27.813757,89.853525,0.07659762795694322,Low
NER_R04468,Arunachal Pradesh,29.224457,95.52336,0.07658056333404416,Low
NER_R03215,Mizoram,26.384299,95.538104,0.0764459150787182,Low
NER_R09010,Manipur,26.965832,92.58305,0.0762926039563111,Low
NER_R04661,Mizoram,29.374474,94.142346,0.07623332165886434,Low
NER_R11228,Nagaland,27.492309,94.209688,0.07605015972211135,Low
NER_R02388,Tripura,26.099301,91.179507,0.07597262452393222,Low
NER_R10722,Mizoram,24.944511,93.092272,0.07563791054777157,Low
NER_R09215,Assam,22.785755,90.519876,0.0756030180446008,Low
NER_R03922,Sikkim,27.950808,88.663384,0.07539577561471172,Low
NER_R04326,Assam,26.020413,91.262361,0.07531353484708547,Low
NER_R02825,Arunachal Pradesh,26.451572,95.63476,0.07519018304598395,Low
NER_R03000,Tripura,24.930006,89.971998,0.07505866829961774,Low
NER_R00813,Assam,23.517914,89.39174,0.07502792855767729,Low
NER_R08546,Arunachal Pradesh,25.23914,95.922088,0.07473167202934305,Low
NER_R09137,Mizoram,27.047847,95.3469,0.07470830720237684,Low
NER_R06761,Meghalaya,23.364559,92.133533,0.07403343986777045,Low
NER_R00326,Nagaland,23.956966,96.604839,0.07384875018157505,Low
NER_R06913,Mizoram,22.517945,93.870131,0.0737214511823526,Low
NER_R08525,Manipur,22.48142,93.855208,0.0737214511823526,Low
NER_R01785,Manipur,25.921646,93.165248,0.07370635130331253,Low
NER_R00941,Meghalaya,26.933243,95.793099,0.07361562229331049,Low
NER_R04698,Mizoram,28.939453,94.024544,0.07341835424099424,Low
NER_R06539,Tripura,22.87217,89.096611,0.07340516154529914,Low
NER_R05281,Nagaland,23.495839,89.020245,0.07334599858906737,Low
NER_R11115,Assam,23.844644,91.112893,0.07330989765549745,Low
NER_R03136,Manipur,22.908702,96.902605,0.0728513038059561,Low
NER_R02293,Manipur,25.647186,95.644702,0.07269413814204191,Low
NER_R06309,Meghalaya,27.474612,90.104834,0.0724361117389552,Low
NER_R08505,Manipur,28.191811,97.134908,0.07229107190289874,Low
NER_R11678,Manipur,25.556638,96.406494,0.07208739056818814,Low
NER_R08124,Mizoram,24.79923,95.150076,0.07151775179169854,Low
NER_R00396,Meghalaya,26.326259,95.896357,0.07134958394035658,Low
NER_R05093,Nagaland,25.215941,95.108853,0.07105103022520975,Low
NER_R00695,Arunachal Pradesh,25.214679,95.07325,0.07105103022520975,Low
NER_R06979,Tripura,25.519534,91.763402,0.0707240049281957,Low
NER_R05247,Assam,22.930068,89.480938,0.0706114132096961,Low
NER_R07766,Sikkim,24.211418,91.976016,0.07054500900242805,Low
NER_R09527,Nagaland,26.24412,96.7556,0.07024031094444202,Low
NER_R07894,Manipur,27.445898,93.913466,0.07022045891245438,Low
NER_R10454,Nagaland,23.071773,88.372978,0.07021295057460449,Low
NER_R08978,Tripura,29.218447,95.214286,0.07008833793037418,Low
NER_R09657,Mizoram,24.464811,92.590538,0.06989861145492823,Low
NER_R11737,Sikkim,22.310579,94.994044,0.06974057762810873,Low
NER_R09761,Assam,26.634886,88.073065,0.06970769736067622,Low
NER_R08987,Sikkim,26.672733,88.03224,0.06970769736067622,Low
NER_R11680,Arunachal Pradesh,25.724417,90.940032,0.0696534894345884,Low
NER_R06405,Nagaland,27.924369,89.427127,0.06942341429183106,Low
NER_R01484,Assam,29.472807,94.884334,0.06920665934606185,Low
NER_R04794,Manipur,24.098356,88.355835,0.0689967644552637,Low
NER_R11690,Mizoram,27.250634,93.564359,0.0689181525879706,Low
NER_R08781,Assam,26.289272,90.171596,0.06886990617039987,Low
NER_R05127,Arunachal Pradesh,22.233952,94.826342,0.06865087091407943,Low
NER_R07769,Tripura,24.59875,95.888694,0.06863423188004875,Low
NER_R08810,Nagaland,26.465792,92.498276,0.06857231584878881,Low
NER_R05642,Meghalaya,25.123463,95.420595,0.06850326368320579,Low
NER_R10169,Manipur,28.230425,90.268743,0.06827904281910091,Low
NER_R11848,Manipur,21.958504,95.408767,0.06775145402735726,Low
NER_R10703,Sikkim,28.168334,96.862073,0.06763519943936888,Low
NER_R00292,Manipur,25.105506,91.784515,0.06756243313863924,Low
NER_R10360,Meghalaya,29.1265,89.810253,0.06710678739435297,Low
NER_R07553,Meghalaya,28.690074,94.744302,0.0669567797674841,Low
NER_R10829,Meghalaya,22.312897,92.375487,0.06605373391260669,Low
NER_R08866,Sikkim,28.081068,96.11544,0.06599857612003072,Low
NER_R05007,Mizoram,23.873574,95.958117,0.06596311201814467,Low
NER_R04723,Nagaland,25.847437,93.91897,0.06565792364500819,Low
NER_R02979,Assam,23.788896,93.294103,0.0655219824317188,Low
NER_R02298,Manipur,25.814835,92.286701,0.06538486193681994,Low
NER_R11490,Arunachal Pradesh,24.930624,91.469578,0.06537774120278594,Low
NER_R09964,Mizoram,21.72532,93.121915,0.06534070807705801,Low
NER_R02587,Nagaland,24.261657,95.260964,0.06483656316833503,Low
NER_R08139,Mizoram,27.210984,91.213216,0.06481177520898626,Low
NER_R00327,Manipur,26.284147,94.112732,0.0645794937902275,Low
NER_R01514,Assam,26.218023,94.075268,0.0645794937902275,Low
NER_R09311,Assam,27.059832,91.295802,0.06432155609517114,Low
NER_R07130,Nagaland,22.286122,97.158337,0.06428421485384547,Low
NER_R01920,Assam,28.717071,97.095913,0.06424753285554838,Low
NER_R06796,Tripura,24.829757,96.371812,0.06409251096502608,Low
NER_R07963,Assam,24.829204,96.431652,0.06409251096502608,Low
NER_R06243,Tripura,24.785956,96.413277,0.06409251096502608,Low
NER_R06769,Nagaland,24.320497,97.051972,0.06402816516848231,Low
NER_R03699,Tripura,24.271998,95.323902,0.06388366866167823,Low
NER_R07417,Manipur,24.832205,96.650791,0.0636327252509864,Low
NER_R06324,Mizoram,24.788217,95.819994,0.06324300860519205,Low
NER_R02081,Assam,27.072246,96.038137,0.06319069699699328,Low
NER_R10100,Meghalaya,24.480613,92.633358,0.06311601247930494,Low
NER_R04118,Sikkim,24.039243,90.818092,0.06307827443696568,Low
NER_R11085,Mizoram,22.638058,88.665503,0.06300493159372236,Low
NER_R09881,Sikkim,23.309646,89.367863,0.0629312134816716,Low
NER_R08444,Meghalaya,27.17221,88.867366,0.06282321651883721,Low
NER_R08156,Meghalaya,23.040781,96.634604,0.06267112320148152,Low
NER_R07681,Assam,25.073264,96.828827,0.06263822252793698,Low
NER_R04647,Tripura,29.287221,95.535956,0.0625340177902499,Low
NER_R02635,Arunachal Pradesh,22.574957,88.212208,0.0624538835130498,Low
NER_R02152,Sikkim,21.947106,94.633469,0.06240613635003041,Low
NER_R01351,Meghalaya,21.744336,94.669222,0.06240613635003041,Low
NER_R09561,Sikkim,21.790967,94.528142,0.06240613635003041,Low
NER_R11550,Sikkim,28.03955,91.315557,0.06233978537623577,Low
NER_R10837,Meghalaya,23.832975,92.001127,0.0618463868921847,Low
NER_R01112,Assam,24.569723,96.185481,0.06183555189306826,Low
NER_R08686,Manipur,27.14006,89.940047,0.061806342903392625,Low
NER_R09653,Manipur,25.021197,93.527583,0.06173574204710617,Low
NER_R06744,Sikkim,27.552118,90.984939,0.06166578205602134,Low
NER_R04517,Meghalaya,24.281224,93.409259,0.06131103324852854,Low
NER_R06704,Nagaland,27.514497,90.351063,0.06127465775396414,Low
NER_R04741,Assam,26.872222,91.456377,0.060584337656381146,Low
NER_R02589,Arunachal Pradesh,28.382938,96.692132,0.060485898688704826,Low
NER_R06896,Nagaland,24.709892,94.031869,0.060322271454852076,Low
NER_R10415,Manipur,23.680744,93.392392,0.06021350365642501,Low
NER_R03652,Sikkim,26.865102,89.440452,0.05983824494240784,Low
NER_R09575,Meghalaya,27.081804,94.700305,0.05972398844749213,Low
NER_R11740,Tripura,25.448129,96.338359,0.05971728037987885,Low
NER_R11540,Mizoram,25.456402,96.397756,0.05971728037987885,Low
NER_R11462,Arunachal Pradesh,22.401225,90.656305,0.05969312630635281,Low
NER_R07583,Assam,22.45053,90.706481,0.05969312630635281,Low
NER_R07976,Nagaland,29.483861,96.166309,0.05961897161910126,Low
NER_R04272,Arunachal Pradesh,25.862097,92.251856,0.05927576929632731,Low
NER_R03626,Arunachal Pradesh,22.999835,96.537546,0.05926115061821173,Low
NER_R10344,Sikkim,28.858117,94.880579,0.05925715649990773,Low
NER_R09367,Assam,25.721643,96.65441,0.05918173778409594,Low
NER_R04968,Manipur,26.488396,95.091188,0.05908044003590834,Low
NER_R05498,Tripura,25.772075,92.244254,0.05904583722546612,Low
NER_R10895,Sikkim,26.928991,94.132271,0.059024329830529354,Low
NER_R10400,Arunachal Pradesh,22.296974,93.91624,0.058724194625421396,Low
NER_R07599,Manipur,23.737107,92.887787,0.058633812651905245,Low
NER_R10129,Nagaland,22.482643,97.196939,0.0586193660898635,Low
NER_R01180,Manipur,25.846347,94.898678,0.05856501587081963,Low
NER_R09869,Mizoram,25.38653,89.767059,0.0583636592248695,Low
NER_R00225,Arunachal Pradesh,22.877341,92.609535,0.05825578178803859,Low
NER_R00389,Assam,27.389901,89.987471,0.05825314382364327,Low
NER_R09191,Nagaland,23.892649,95.941344,0.058006939098700014,Low
NER_R01678,Manipur,25.798018,97.06435,0.05783782281974645,Low
NER_R01548,Sikkim,24.861025,96.331012,0.057790783999511604,Low
NER_R05059,Manipur,23.235982,94.400886,0.05775483422601913,Low
NER_R09662,Nagaland,27.138214,89.856071,0.05767768504993099,Low
NER_R07753,Meghalaya,28.98747,91.923578,0.057213170959355235,Low
NER_R06981,Nagaland,26.096035,90.738913,0.05692281956860964,Low
NER_R04954,Nagaland,24.282477,94.998963,0.0568215306411554,Low
NER_R10470,Sikkim,22.363447,96.31186,0.056759310949349336,Low
NER_R01787,Meghalaya,24.912552,93.968111,0.056680200797501926,Low
NER_R08232,Arunachal Pradesh,26.028433,93.446768,0.05667481425948456,Low
NER_R05290,Assam,24.848525,93.814729,0.05666811967894185,Low
NER_R04691,Sikkim,27.601379,89.345917,0.056537195578067904,Low
NER_R06598,Mizoram,27.467734,89.305751,0.056537195578067904,Low
NER_R06322,Arunachal Pradesh,24.941601,97.068127,0.05633290759412027,Low
NER_R08299,Manipur,26.862123,96.150995,0.05608110455586994,Low
NER_R06839,Nagaland,26.079353,96.826439,0.055874723016223746,Low
NER_R10074,Assam,25.492314,95.818071,0.05567066905718142,Low
NER_R08382,Sikkim,27.553039,95.855787,0.05535494886242177,Low
NER_R05967,Manipur,23.299851,96.095687,0.05534305734560966,Low
NER_R08969,Arunachal Pradesh,23.093177,88.066464,0.05533743410322258,Low
NER_R06792,Mizoram,23.217868,89.006793,0.055323868635577186,Low
NER_R01169,Manipur,22.050165,92.823694,0.055022466013802784,Low
NER_R11204,Mizoram,24.318239,88.512731,0.054935205352148006,Low
NER_R09763,Nagaland,24.26406,88.521046,0.054935205352148006,Low
NER_R10243,Tripura,24.497774,88.84017,0.054577297180958495,Low
NER_R05890,Mizoram,24.507893,88.163641,0.05452577290898615,Low
NER_R04341,Tripura,24.515599,88.025001,0.05452577290898615,Low
NER_R11065,Tripura,24.645532,90.79458,0.05385062867219786,Low
NER_R11356,Manipur,29.04928,97.460099,0.053843854968791516,Low
NER_R07758,Manipur,26.893275,91.255932,0.053434071925558095,Low
NER_R07487,Tripura,25.631556,89.281879,0.053414849573883046,Low
NER_R05852,Sikkim,22.611466,94.950036,0.05322159974340123,Low
NER_R03989,Sikkim,24.974334,88.948988,0.053115140995374156,Low
NER_R01087,Assam,22.347032,97.188155,0.05295411462093434,Low
NER_R02021,Sikkim,24.12124,89.040152,0.05280037024896822,Low
NER_R08192,Arunachal Pradesh,27.852656,89.33173,0.05276105224656638,Low
NER_R10710,Sikkim,27.546156,95.441416,0.05274815574817928,Low
NER_R06783,Tripura,26.826582,93.822426,0.052298651165626694,Low
NER_R01410,Arunachal Pradesh,24.237131,88.330009,0.05223688403685703,Low
NER_R07026,Meghalaya,24.849071,90.331901,0.05175527449527215,Low
NER_R04483,Nagaland,27.864602,96.351386,0.05165052240220681,Low
NER_R00779,Tripura,27.936374,96.387997,0.05165052240220681,Low
NER_R00308,Arunachal Pradesh,27.318828,97.488755,0.05164203474326732,Low
NER_R06379,Assam,21.623005,89.648691,0.051465632879439616,Low
NER_R01258,Manipur,21.803604,89.62043,0.051465632879439616,Low
NER_R06148,Manipur,21.840348,89.607166,0.051465632879439616,Low
NER_R03669,Tripura,23.203724,94.212283,0.0508203655765419,Low
NER_R08645,Assam,22.371264,94.420375,0.0507427982983463,Low
NER_R03678,Arunachal Pradesh,25.230048,92.886346,0.05070297078898659,Low
NER_R01007,Meghalaya,27.309449,93.901704,0.050680894268353094,Low
NER_R01440,Manipur,28.578638,91.745743,0.0503460579097539,Low
NER_R02650,Nagaland,27.065022,90.329271,0.05025555506433868,Low
NER_R01006,Mizoram,25.058424,88.717737,0.05024355089779374,Low
NER_R11632,Meghalaya,26.704954,92.886811,0.05000988161847188,Low
NER_R01045,Nagaland,25.54051,89.873361,0.04989304681205996,Low
NER_R04904,Manipur,29.253967,96.733741,0.04979590628215837,Low
NER_R00332,Assam,25.507435,91.102299,0.04934270931869532,Low
NER_R02385,Assam,26.481546,94.545571,0.049300516308073465,Low
NER_R02370,Nagaland,24.500472,96.448882,0.049108806949148265,Low
NER_R05098,Sikkim,27.135455,90.504621,0.048776801253434476,Low
NER_R10532,Mizoram,24.013533,89.836024,0.04861424705551666,Low
NER_R10092,Meghalaya,23.168552,92.395902,0.04851450725273147,Low
NER_R08176,Assam,27.755741,93.588822,0.048432052903811244,Low
NER_R07860,Manipur,28.310016,91.152892,0.04824114882825045,Low
NER_R06319,Nagaland,22.241091,89.350947,0.04814514535224954,Low
NER_R05301,Arunachal Pradesh,22.247944,89.27895,0.04814514535224954,Low
NER_R00591,Assam,22.760723,89.455704,0.048081032113661104,Low
NER_R01778,Manipur,25.648145,89.776806,0.04795300587164066,Low
NER_R06311,Meghalaya,26.86086,94.170736,0.04788434747865372,Low
NER_R08541,Nagaland,27.474617,89.760405,0.04782542340694973,Low
NER_R06249,Manipur,24.370383,91.589045,0.04751853682608423,Low
NER_R05101,Manipur,26.85844,96.235879,0.047430252444993395,Low
NER_R01686,Assam,25.524236,91.935265,0.04727690007556304,Low
NER_R09515,Arunachal Pradesh,21.890065,95.146396,0.047261373881894865,Low
NER_R08941,Tripura,22.834706,95.415465,0.04720996133503306,Low
NER_R06185,Meghalaya,24.522473,95.717848,0.047172296777411596,Low
NER_R07723,Mizoram,23.185132,89.983659,0.047102519066652554,Low
NER_R10388,Manipur,23.145969,89.976067,0.047102519066652554,Low
NER_R09423,Assam,24.067852,96.163058,0.04703958295802131,Low
NER_R10406,Tripura,24.013165,94.567947,0.04693976486714124,Low
NER_R04855,Arunachal Pradesh,24.358949,89.287568,0.04682327117005751,Low
NER_R11857,Sikkim,24.108798,88.081717,0.04675324516099598,Low
NER_R09166,Mizoram,29.343028,93.653607,0.04660451995693572,Low
NER_R09775,Sikkim,25.531186,93.382646,0.04646026093089457,Low
NER_R09219,Sikkim,25.626606,93.346422,0.04646026093089457,Low
NER_R09165,Manipur,28.009908,88.665537,0.0464586348155449,Low
NER_R00894,Mizoram,25.837565,92.524415,0.04640007085008996,Low
NER_R00752,Mizoram,25.92788,91.305341,0.04633871910071273,Low
NER_R06131,Nagaland,24.297917,96.712825,0.045978177929591524,Low
NER_R04670,Meghalaya,24.274418,96.674451,0.045978177929591524,Low
NER_R02355,Nagaland,28.939709,88.934742,0.04594026633139245,Low
NER_R00877,Arunachal Pradesh,22.339923,92.831774,0.045852213990799126,Low
NER_R04951,Meghalaya,24.591838,88.815676,0.045837173549327086,Low
NER_R02347,Sikkim,24.580805,88.774084,0.045837173549327086,Low
NER_R01451,Tripura,24.57212,88.884006,0.045837173549327086,Low
NER_R02787,Arunachal Pradesh,25.516517,92.888348,0.045738300246297096,Low
NER_R00551,Assam,28.555699,92.355894,0.04572863074828454,Low
NER_R05688,Sikkim,25.300888,88.610026,0.04557626807915977,Low
NER_R07821,Manipur,23.648893,88.114881,0.045146534284860575,Low
NER_R02029,Arunachal Pradesh,23.250677,95.99213,0.04509796350914623,Low
NER_R06806,Meghalaya,27.733654,93.173815,0.04503858554499132,Low
NER_R06780,Tripura,25.805916,94.526135,0.04479113168913218,Low
NER_R05159,Assam,24.222292,92.860084,0.04476334041383464,Low
NER_R05787,Arunachal Pradesh,26.818376,96.352378,0.044748257380040055,Low
NER_R07552,Mizoram,22.387132,94.643572,0.044663408117323014,Low
NER_R07519,Assam,24.620932,92.843891,0.044568780373946175,Low
NER_R07864,Arunachal Pradesh,22.494693,93.248282,0.04456458349596522,Low
NER_R05744,Arunachal Pradesh,23.290739,93.311939,0.04443509183438398,Low
NER_R06244,Arunachal Pradesh,23.363936,93.306621,0.04443509183438398,Low
NER_R11310,Arunachal Pradesh,23.292536,93.368864,0.04443509183438398,Low
NER_R00230,Mizoram,23.325339,88.441058,0.04440927542438712,Low
NER_R08841,Arunachal Pradesh,23.34431,91.293657,0.04437261247424713,Low
NER_R07168,Tripura,23.332917,91.315699,0.04437261247424713,Low
NER_R11330,Mizoram,25.664523,93.677603,0.04437123198490597,Low
NER_R11410,Meghalaya,25.12321,96.528722,0.04411984110607682,Low
NER_R03728,Nagaland,28.777103,91.091703,0.043739238979028934,Low
NER_R00618,Tripura,28.803883,91.034593,0.043739238979028934,Low
NER_R06434,Sikkim,25.754857,96.306807,0.04357185343718886,Low
NER_R09971,Meghalaya,25.729889,96.322713,0.04357185343718886,Low
NER_R02729,Sikkim,29.377933,88.142816,0.04353174628387081,Low
NER_R00403,Manipur,29.388788,88.073666,0.04353174628387081,Low
NER_R08558,Meghalaya,27.374185,89.695373,0.04334600260034291,Low
NER_R05197,Nagaland,24.320789,93.861987,0.043213501373636776,Low
NER_R08065,Arunachal Pradesh,28.360513,93.243392,0.04318639075271939,Low
NER_R05275,Meghalaya,22.55725,88.666908,0.04302148711478028,Low
NER_R06349,Mizoram,26.900041,89.550497,0.042910521809069374,Low
NER_R01407,Arunachal Pradesh,22.67435,88.966172,0.04284952532047817,Low
NER_R03303,Assam,28.05428,90.712911,0.04270241873911892,Low
NER_R06345,Nagaland,26.861382,89.159675,0.04152583380949586,Low
NER_R06482,Assam,23.346828,91.046198,0.041475440693447066,Low
NER_R09295,Meghalaya,23.726675,88.357494,0.041312957647776205,Low
NER_R08076,Sikkim,24.536544,92.966944,0.04114061181645573,Low
NER_R02938,Mizoram,22.73888,95.885276,0.04111140606952727,Low
NER_R03156,Manipur,25.781042,91.098892,0.0408992076461209,Low
NER_R00832,Mizoram,25.78318,94.211835,0.04088495932444573,Low
NER_R00926,Manipur,24.329906,94.242888,0.04063879889809752,Low
NER_R05416,Sikkim,27.118812,95.291338,0.04061237570327339,Low
NER_R08416,Assam,22.340925,93.902923,0.040444559657344004,Low
NER_R02803,Meghalaya,21.525339,90.835355,0.04036431630432746,Low
NER_R01243,Sikkim,25.796594,88.064035,0.03981644490978668,Low
NER_R05280,Assam,25.824757,88.102869,0.03981644490978668,Low
NER_R09823,Tripura,22.755133,90.810956,0.03966559613057974,Low
NER_R06504,Tripura,28.415245,88.630911,0.03928582736113502,Low
NER_R09815,Tripura,24.831662,96.219032,0.039166960102725384,Low
NER_R09918,Sikkim,26.853464,93.743308,0.03884903765959403,Low
NER_R10308,Meghalaya,21.715233,92.880274,0.03868362641256978,Low
NER_R05329,Mizoram,26.547929,94.644102,0.038660433087138964,Low
NER_R09882,Manipur,26.590503,94.632981,0.038660433087138964,Low
NER_R00270,Manipur,26.641868,92.799633,0.038196199596289324,Low
NER_R02684,Assam,25.849571,90.073064,0.03813502808072754,Low
NER_R04394,Nagaland,22.806912,92.328358,0.0374371733346152,Low
NER_R01762,Sikkim,29.300916,97.005869,0.03724343361033057,Low
NER_R08596,Manipur,23.264991,95.153087,0.0371312085826704,Low
NER_R09996,Meghalaya,23.227906,95.163322,0.0371312085826704,Low
NER_R00195,Sikkim,26.097674,94.139591,0.03697749263412567,Low
NER_R01649,Assam,26.172153,94.151879,0.03697749263412567,Low
NER_R07190,Nagaland,26.070562,94.161301,0.03697749263412567,Low
NER_R06661,Tripura,26.17115,90.215933,0.036885150315541806,Low
NER_R08570,Sikkim,27.10388,94.167299,0.03579721432807183,Low
NER_R03611,Sikkim,27.101494,94.150682,0.03579721432807183,Low
NER_R05119,Sikkim,27.185259,92.553588,0.03571210281608938,Low
NER_R01526,Manipur,27.429902,95.85022,0.03543104102739804,Low
NER_R03919,Tripura,27.500273,95.888945,0.03543104102739804,Low
NER_R09832,Mizoram,23.447299,92.308007,0.035397279460973166,Low
NER_R06564,Manipur,27.105595,93.033573,0.03502134704003129,Low
NER_R01918,Nagaland,23.245991,91.734389,0.035013315401857384,Low
NER_R10065,Meghalaya,28.070894,95.698785,0.03487185606951411,Low
NER_R11157,Assam,23.828698,92.987172,0.03467023138558781,Low
NER_R11576,Tripura,26.798644,92.103721,0.03425911711925529,Low
NER_R03984,Nagaland,26.330538,91.445362,0.03411606086092748,Low
NER_R11402,Assam,25.578897,94.704913,0.03407693556985848,Low
NER_R01426,Nagaland,25.156202,90.107286,0.03390883510269348,Low
NER_R10685,Sikkim,26.796709,91.206055,0.03366741429160673,Low
NER_R03991,Tripura,26.803967,91.177589,0.03366741429160673,Low
NER_R05245,Mizoram,26.792892,91.174133,0.03366741429160673,Low
NER_R05503,Meghalaya,27.358354,97.470731,0.03308649852538521,Low
NER_R06209,Sikkim,22.089289,92.734564,0.033000771332077516,Low
NER_R03767,Tripura,29.48002,91.289327,0.032944747886517946,Low
NER_R10892,Mizoram,27.49519,97.092991,0.03267083742312678,Low
NER_R10592,Nagaland,27.115343,89.911506,0.03252580453965115,Low
NER_R10136,Arunachal Pradesh,22.958634,96.484909,0.032499574424129124,Low
NER_R00470,Meghalaya,23.441555,96.722639,0.03245004691756598,Low
NER_R00943,Tripura,24.784833,94.247415,0.032437128130430926,Low
NER_R01959,Mizoram,24.814403,94.228198,0.032437128130430926,Low
NER_R11803,Nagaland,21.590004,92.486209,0.03239356166067079,Low
NER_R09505,Sikkim,21.601254,92.506259,0.03239356166067079,Low
NER_R07378,Nagaland,28.450473,92.050207,0.03234760063987326,Low
NER_R08134,Manipur,23.280903,93.927643,0.031967331774244226,Low
NER_R11982,Meghalaya,24.602978,95.756362,0.03157766962522485,Low
NER_R11186,Sikkim,22.45888,92.81574,0.031485477500121276,Low
NER_R03308,Assam,22.49779,92.871979,0.031485477500121276,Low
NER_R04315,Assam,29.380764,94.395453,0.031327798987133094,Low
NER_R07177,Nagaland,29.417518,94.486877,0.031327798987133094,Low
NER_R06874,Tripura,23.903361,94.836767,0.03092507907673947,Low
NER_R08822,Manipur,25.589391,91.642349,0.030906834385102007,Low
NER_R09567,Sikkim,25.649891,91.63998,0.030906834385102007,Low
NER_R03021,Nagaland,24.228353,96.208082,0.030313000553352308,Low
NER_R11732,Mizoram,24.23853,88.228974,0.030063429580528565,Low
NER_R07522,Mizoram,23.433302,91.07462,0.029439081271305356,Low
NER_R05946,Tripura,27.573707,89.638407,0.029306103638309742,Low
NER_R10501,Meghalaya,25.685862,96.992856,0.0290046925192591,Low
NER_R09419,Arunachal Pradesh,24.464235,88.252296,0.02887226742394609,Low
NER_R09511,Sikkim,24.521208,88.271021,0.02887226742394609,Low
NER_R07111,Manipur,26.547303,96.180969,0.028818771864051417,Low
NER_R06427,Nagaland,23.01596,94.473182,0.02859488118552836,Low
NER_R11520,Mizoram,26.274694,93.656856,0.028521417802607762,Low
NER_R05596,Arunachal Pradesh,26.313086,93.692026,0.028521417802607762,Low
NER_R08096,Tripura,26.915664,89.383566,0.028318624233825314,Low
NER_R03791,Tripura,26.853632,89.369104,0.028318624233825314,Low
NER_R03478,Manipur,23.553525,91.354893,0.028107759839381706,Low
NER_R04818,Nagaland,22.647806,92.651828,0.028097531973290152,Low
NER_R11614,Arunachal Pradesh,27.124387,89.141361,0.027700924325708462,Low
NER_R01202,Arunachal Pradesh,24.195865,90.752393,0.027652974360885256,Low
NER_R02423,Mizoram,26.260937,91.316771,0.027647325296879917,Low
NER_R02829,Sikkim,26.211024,90.432596,0.027565125764429606,Low
NER_R10889,Manipur,28.603792,94.271239,0.027556688116429,Low
NER_R09609,Meghalaya,23.711047,97.105808,0.02699746428439987,Low
NER_R09350,Nagaland,25.765421,95.761367,0.02693008157749626,Low
NER_R05369,Tripura,21.666892,89.85549,0.026786238454969528,Low
NER_R00887,Assam,24.301292,96.173958,0.026662303049411255,Low
NER_R11495,Manipur,23.08396,96.343643,0.02657763835553498,Low
NER_R06372,Assam,24.539534,92.031523,0.026480171885635458,Low
NER_R06255,Arunachal Pradesh,28.06514,96.420883,0.02628471260039298,Low
NER_R10859,Sikkim,24.682837,95.267617,0.026276553111435296,Low
NER_R03027,Mizoram,24.668575,95.241944,0.026276553111435296,Low
NER_R01997,Arunachal Pradesh,21.874512,95.973192,0.026257047865939534,Low
NER_R07456,Sikkim,21.783867,96.022654,0.026257047865939534,Low
NER_R07040,Arunachal Pradesh,28.203697,96.826954,0.02617129803826857,Low
NER_R11931,Mizoram,24.639614,95.217822,0.026142246714361973,Low
NER_R11035,Nagaland,25.815988,93.603654,0.0258431199335436,Low
NER_R09679,Arunachal Pradesh,24.479613,91.15397,0.025691819685159246,Low
NER_R08471,Tripura,28.470847,95.889919,0.025423439010133234,Low
NER_R08445,Assam,29.166805,89.827727,0.024994737190624422,Low
NER_R03688,Arunachal Pradesh,29.201217,89.882376,0.024994737190624422,Low
NER_R01522,Assam,26.98271,91.902567,0.024938741150216777,Low
NER_R11878,Tripura,27.693547,92.635298,0.02438115740762166,Low
NER_R08599,Meghalaya,28.848588,97.354327,0.02427726170478848,Low
NER_R05063,Assam,24.175316,95.371514,0.024027763405117607,Low
NER_R04742,Nagaland,22.291543,96.770551,0.02383327171654668,Low
NER_R10098,Meghalaya,23.276606,88.395163,0.02369594148237179,Low
NER_R09861,Assam,22.824455,92.196396,0.023588083270620973,Low
NER_R07459,Meghalaya,22.799765,96.970858,0.023188769528431484,Low
NER_R07900,Manipur,22.665308,90.130997,0.023088952677844728,Low
NER_R05740,Sikkim,28.072068,96.039921,0.022984856140614664,Low
NER_R06207,Meghalaya,22.353893,90.687678,0.022762334270740703,Low
NER_R08950,Sikkim,22.353741,90.690872,0.022762334270740703,Low
NER_R03476,Manipur,25.554063,95.502881,0.022601324880809518,Low
NER_R00876,Manipur,28.775992,90.622661,0.022578634191404497,Low
NER_R05244,Manipur,29.237628,94.25223,0.02254824531986107,Low
NER_R00522,Sikkim,24.15422,92.395729,0.02239068077030412,Low
NER_R07353,Nagaland,26.896541,95.997349,0.022362423735513753,Low
NER_R07645,Sikkim,25.50665,90.970917,0.02210348996684039,Low
NER_R04298,Nagaland,27.186853,94.158345,0.02193586466862611,Low
NER_R04556,Tripura,27.461748,89.386608,0.02155528569119494,Low
NER_R06429,Sikkim,27.301115,88.239025,0.021470975447230783,Low
NER_R03266,Tripura,27.091626,91.487275,0.021380673551336025,Low
NER_R10122,Meghalaya,28.26039,88.798477,0.02129943927163227,Low
NER_R05441,Manipur,29.26713,96.037071,0.021058628983020255,Low
NER_R05757,Mizoram,23.971812,95.387085,0.020902080776868726,Low
NER_R05058,Manipur,26.037385,88.788268,0.02077139124845181,Low
NER_R01969,Assam,26.4909,96.460145,0.02070444413991844,Low
NER_R09909,Arunachal Pradesh,25.919284,94.463463,0.020482076065906872,Low
NER_R05283,Mizoram,29.22708,96.060519,0.02042685606331783,Low
NER_R06963,Mizoram,25.130798,89.995082,0.020137578989402077,Low
NER_R07876,Arunachal Pradesh,23.011802,88.825454,0.019915933419189732,Low
NER_R11016,Arunachal Pradesh,23.024754,88.838553,0.019915933419189732,Low
NER_R08058,Manipur,24.282859,88.1959,0.0197847266699685,Low
NER_R00267,Meghalaya,26.766857,90.219732,0.019696705384054845,Low
NER_R07283,Manipur,25.274244,91.380362,0.019426797102464494,Low
NER_R09596,Tripura,25.77684,94.485549,0.019351403303520576,Low
NER_R06807,Manipur,25.842945,88.843593,0.019084648956452108,Low
NER_R03528,Nagaland,28.305013,95.581583,0.019064515786429006,Low
NER_R01332,Nagaland,28.376229,95.626202,0.019064515786429006,Low
NER_R05140,Tripura,28.693777,94.981241,0.018514478507802225,Low
NER_R05945,Tripura,21.792526,93.438459,0.018298759716956804,Low
NER_R00871,Mizoram,21.684507,93.466971,0.018298759716956804,Low
NER_R07150,Tripura,21.795699,93.550501,0.018298759716956804,Low
NER_R03876,Manipur,22.151634,94.593592,0.01801734422727009,Low
NER_R00024,Tripura,29.156852,94.441755,0.017762869124762583,Low
NER_R07449,Tripura,21.54456,93.397013,0.01746341385632321,Low
NER_R11785,Tripura,21.912867,93.414593,0.01746341385632321,Low
NER_R08784,Assam,21.823112,93.390924,0.01746341385632321,Low
NER_R06901,Manipur,27.885875,96.447906,0.017447381388283487,Low
NER_R03304,Sikkim,27.886505,96.446603,0.017447381388283487,Low
NER_R01432,Mizoram,22.186329,92.686578,0.017188053821187498,Low
NER_R04761,Manipur,27.411772,90.458951,0.0170529463202228,Low
NER_R09607,Mizoram,25.926073,91.990623,0.016957904605092722,Low
NER_R06549,Assam,28.974442,89.92659,0.01664593837557128,Low
NER_R00581,Nagaland,24.060745,91.915961,0.016334101321515648,Low
NER_R00560,Nagaland,28.97464,91.980224,0.01632457962205738,Low
NER_R04889,Manipur,27.313913,89.468826,0.016136210211872826,Low
NER_R08131,Meghalaya,24.217926,93.320024,0.015900343765280003,Low
NER_R04061,Arunachal Pradesh,25.179458,90.008765,0.015539925082151193,Low
NER_R10762,Mizoram,23.232904,96.514786,0.015503261522158019,Low
NER_R05353,Manipur,25.00801,94.595418,0.015198032517440601,Low
NER_R01541,Sikkim,28.909063,91.856923,0.014999063286675319,Low
NER_R00253,Meghalaya,26.870639,94.436643,0.01496259330327549,Low
NER_R01401,Manipur,27.292611,92.685251,0.014938869218180788,Low
NER_R06565,Arunachal Pradesh,28.393338,88.925683,0.01493096482113088,Low
NER_R08007,Meghalaya,21.617434,92.520035,0.014621341078345623,Low
NER_R03318,Nagaland,22.836999,88.897682,0.01379109639521084,Low
NER_R07751,Mizoram,28.661048,91.849005,0.012622997500541064,Low
NER_R10628,Nagaland,27.120696,97.010907,0.012457405723004172,Low
NER_R01578,Arunachal Pradesh,22.096952,92.357557,0.011980763972941972,Low
NER_R08854,Mizoram,26.819884,96.078284,0.011961143893187955,Low
NER_R06042,Arunachal Pradesh,24.351849,92.874781,0.011356085036507872,Low
NER_R11288,Assam,24.366764,92.870755,0.011356085036507872,Low
NER_R05597,Arunachal Pradesh,21.546733,91.434634,0.010681298589938673,Low
NER_R02280,Manipur,21.718301,91.46312,0.010681298589938673,Low
NER_R06720,Nagaland,21.578404,91.331522,0.010681298589938673,Low
NER_R07092,Tripura,28.620383,93.283023,0.010668150868632254,Low
NER_R08306,Manipur,21.782728,92.54464,0.00975243091920783,Low
NER_R07361,Manipur,25.230055,90.631484,0.009092415083673375,Low
NER_R03379,Nagaland,26.670107,95.828518,0.00905220304675277,Low
NER_R11289,Sikkim,26.727548,95.881244,0.00905220304675277,Low
NER_R02384,Nagaland,24.3891,92.34319,0.008756066452475028,Low
NER_R09700,Tripura,26.798937,94.590586,0.008109977892657239,Low
NER_R05006,Sikkim,22.257235,91.705738,0.00774583770803356,Low
